date,source_file,source_line,ioc_type,ioc_value,normalized_type,normalized_value,host,category,actor,actor_attribute,malware,malware_type,reference,description,confidence
2026-05-11,/home/runner/work/tech-memo/tech-memo/daily-news/iocs/2026_04-06/20260511.csv,169,domain,borjumaniya.store,domain,borjumaniya.store,borjumaniya.store,c2,unknown,unknown,TukTuk,RAT,https://thedfirreport.com/2026/05/11/flash-alert-etherrat-and-tuktuk-c2-end-in-the-gentleman-ransomware/,AI generated. Fallback HTTP C2 domain used by TukTuk in intrusion ending in The Gentleman ransomware.,medium
2026-05-11,/home/runner/work/tech-memo/tech-memo/daily-news/iocs/2026_04-06/20260511.csv,12,domain,briskinternet.com,domain,briskinternet.com,briskinternet.com,c2,unknown,unknown,Macsync,stealer,https://www.bleepingcomputer.com/news/security/hackers-abuse-google-ads-claudeai-chats-to-push-mac-malware/,AI generated. C2 domain used in Mac malware campaign abusing Google Ads and Claude.ai shared chats.,medium
2026-05-11,/home/runner/work/tech-memo/tech-memo/daily-news/iocs/2026_04-06/20260511.csv,172,domain,ep-lively-cherry-a80bmwii.eastus2.azure.neon.tech,domain,ep-lively-cherry-a80bmwii.eastus2.azure.neon.tech,ep-lively-cherry-a80bmwii.eastus2.azure.neon.tech,c2,unknown,unknown,TukTuk,RAT,https://thedfirreport.com/2026/05/11/flash-alert-etherrat-and-tuktuk-c2-end-in-the-gentleman-ransomware/,AI generated. Neon SaaS infrastructure from related campaign in EtherRAT/The Gentleman ransomware intrusion.,medium
2026-05-11,/home/runner/work/tech-memo/tech-memo/daily-news/iocs/2026_04-06/20260511.csv,168,domain,k135neflez.westus3.azure.clickhouse.cloud,domain,k135neflez.westus3.azure.clickhouse.cloud,k135neflez.westus3.azure.clickhouse.cloud,c2,unknown,unknown,TukTuk,RAT,https://thedfirreport.com/2026/05/11/flash-alert-etherrat-and-tuktuk-c2-end-in-the-gentleman-ransomware/,AI generated. ClickHouse SaaS C2 channel used by TukTuk in intrusion ending in The Gentleman ransomware.,medium
2026-05-11,/home/runner/work/tech-memo/tech-memo/daily-news/iocs/2026_04-06/20260511.csv,171,domain,muurfzqprzmdkzoibxaz.supabase.co,domain,muurfzqprzmdkzoibxaz.supabase.co,muurfzqprzmdkzoibxaz.supabase.co,c2,unknown,unknown,TukTuk,RAT,https://thedfirreport.com/2026/05/11/flash-alert-etherrat-and-tuktuk-c2-end-in-the-gentleman-ransomware/,AI generated. Supabase SaaS C2 domain from related campaign in EtherRAT/The Gentleman ransomware intrusion.,medium
2026-05-11,/home/runner/work/tech-memo/tech-memo/daily-news/iocs/2026_04-06/20260511.csv,167,domain,vefbdzzuaadnascpeqcn.supabase.co,domain,vefbdzzuaadnascpeqcn.supabase.co,vefbdzzuaadnascpeqcn.supabase.co,c2,unknown,unknown,TukTuk,RAT,https://thedfirreport.com/2026/05/11/flash-alert-etherrat-and-tuktuk-c2-end-in-the-gentleman-ransomware/,AI generated. Supabase SaaS C2 channel used by TukTuk in intrusion ending in The Gentleman ransomware.,medium
2026-05-11,/home/runner/work/tech-memo/tech-memo/daily-news/iocs/2026_04-06/20260511.csv,170,domain,vngz3ntdrb.us-east1.gcp.clickhouse.cloud,domain,vngz3ntdrb.us-east1.gcp.clickhouse.cloud,vngz3ntdrb.us-east1.gcp.clickhouse.cloud,c2,unknown,unknown,TukTuk,RAT,https://thedfirreport.com/2026/05/11/flash-alert-etherrat-and-tuktuk-c2-end-in-the-gentleman-ransomware/,AI generated. ClickHouse SaaS C2 domain from related campaign in EtherRAT/The Gentleman ransomware intrusion.,medium
2026-05-11,/home/runner/work/tech-memo/tech-memo/daily-news/iocs/2026_04-06/20260511.csv,173,file_hash_md5,73ce2438d4ed475e03727b7b000d2794,md5,73ce2438d4ed475e03727b7b000d2794,,abusefile,unknown,unknown,EtherRAT,RAT,https://thedfirreport.com/2026/05/11/flash-alert-etherrat-and-tuktuk-c2-end-in-the-gentleman-ransomware/,AI generated. MD5 of trojanized RAMMap MSI used as initial access vector in EtherRAT intrusion.,medium
2026-05-11,/home/runner/work/tech-memo/tech-memo/daily-news/iocs/2026_04-06/20260511.csv,182,file_hash_md5,77fbe265fd65c7f7b6d323fb6de6a4fd,md5,77fbe265fd65c7f7b6d323fb6de6a4fd,,related-file,unknown,unknown,EtherRAT,RAT,https://thedfirreport.com/2026/05/11/flash-alert-etherrat-and-tuktuk-c2-end-in-the-gentleman-ransomware/,AI generated. MD5 of EtherRAT INI file (v72HYLU3OpRBznc.ini).,medium
2026-05-11,/home/runner/work/tech-memo/tech-memo/daily-news/iocs/2026_04-06/20260511.csv,188,file_hash_md5,b188fbc6ff5557767e73e4c883a553a3,md5,b188fbc6ff5557767e73e4c883a553a3,,tool,unknown,unknown,N/A,N/A,https://thedfirreport.com/2026/05/11/flash-alert-etherrat-and-tuktuk-c2-end-in-the-gentleman-ransomware/,AI generated. MD5 of GoTo Resolve RMM MSI (smokymo.msi) deployed by attackers for lateral movement.,medium
2026-05-11,/home/runner/work/tech-memo/tech-memo/daily-news/iocs/2026_04-06/20260511.csv,176,file_hash_md5,b2d51212744f404714fd909e87254d98,md5,b2d51212744f404714fd909e87254d98,,malware,unknown,unknown,EtherRAT,RAT,https://thedfirreport.com/2026/05/11/flash-alert-etherrat-and-tuktuk-c2-end-in-the-gentleman-ransomware/,AI generated. MD5 of EtherRAT backdoor (MVnVmUYj.cmd) using Ethereum smart contract for C2 resolution.,medium
2026-05-11,/home/runner/work/tech-memo/tech-memo/daily-news/iocs/2026_04-06/20260511.csv,179,file_hash_md5,c92cf9a1af5b1fe25cdcb8771ce52be4,md5,c92cf9a1af5b1fe25cdcb8771ce52be4,,related-file,unknown,unknown,EtherRAT,RAT,https://thedfirreport.com/2026/05/11/flash-alert-etherrat-and-tuktuk-c2-end-in-the-gentleman-ransomware/,AI generated. MD5 of EtherRAT configuration file (A7Pnj975bl.cfg).,medium
2026-05-11,/home/runner/work/tech-memo/tech-memo/daily-news/iocs/2026_04-06/20260511.csv,185,file_hash_md5,f985b8d6d635c266fc4779dad77aa75c,md5,f985b8d6d635c266fc4779dad77aa75c,,malware,unknown,unknown,TukTuk,RAT,https://thedfirreport.com/2026/05/11/flash-alert-etherrat-and-tuktuk-c2-end-in-the-gentleman-ransomware/,AI generated. MD5 of TukTuk malware (log4net.dll) using SaaS platforms as C2.,medium
2026-05-11,/home/runner/work/tech-memo/tech-memo/daily-news/iocs/2026_04-06/20260511.csv,183,file_hash_sha1,114ec028a3fc4ed50056ee8166b0c39acff6ff03,sha1,114ec028a3fc4ed50056ee8166b0c39acff6ff03,,related-file,unknown,unknown,EtherRAT,RAT,https://thedfirreport.com/2026/05/11/flash-alert-etherrat-and-tuktuk-c2-end-in-the-gentleman-ransomware/,AI generated. SHA1 of EtherRAT INI file (v72HYLU3OpRBznc.ini).,medium
2026-05-11,/home/runner/work/tech-memo/tech-memo/daily-news/iocs/2026_04-06/20260511.csv,174,file_hash_sha1,3d5ee8429ef00824c0351cba507dfeb92b54f83b,sha1,3d5ee8429ef00824c0351cba507dfeb92b54f83b,,abusefile,unknown,unknown,EtherRAT,RAT,https://thedfirreport.com/2026/05/11/flash-alert-etherrat-and-tuktuk-c2-end-in-the-gentleman-ransomware/,AI generated. SHA1 of trojanized RAMMap MSI used as initial access vector in EtherRAT intrusion.,medium
2026-05-11,/home/runner/work/tech-memo/tech-memo/daily-news/iocs/2026_04-06/20260511.csv,189,file_hash_sha1,aa9218994798ae31a19d3e7e39cfac2e2ee55840,sha1,aa9218994798ae31a19d3e7e39cfac2e2ee55840,,tool,unknown,unknown,N/A,N/A,https://thedfirreport.com/2026/05/11/flash-alert-etherrat-and-tuktuk-c2-end-in-the-gentleman-ransomware/,AI generated. SHA1 of GoTo Resolve RMM MSI (smokymo.msi) deployed by attackers.,medium
2026-05-11,/home/runner/work/tech-memo/tech-memo/daily-news/iocs/2026_04-06/20260511.csv,180,file_hash_sha1,b44c8084b88d31113ee55758740eb84c251bdae8,sha1,b44c8084b88d31113ee55758740eb84c251bdae8,,related-file,unknown,unknown,EtherRAT,RAT,https://thedfirreport.com/2026/05/11/flash-alert-etherrat-and-tuktuk-c2-end-in-the-gentleman-ransomware/,AI generated. SHA1 of EtherRAT configuration file (A7Pnj975bl.cfg).,medium
2026-05-11,/home/runner/work/tech-memo/tech-memo/daily-news/iocs/2026_04-06/20260511.csv,186,file_hash_sha1,ba80d7b038758a129861e1e498e462cc3d68ae20,sha1,ba80d7b038758a129861e1e498e462cc3d68ae20,,malware,unknown,unknown,TukTuk,RAT,https://thedfirreport.com/2026/05/11/flash-alert-etherrat-and-tuktuk-c2-end-in-the-gentleman-ransomware/,AI generated. SHA1 of TukTuk malware (log4net.dll).,medium
2026-05-11,/home/runner/work/tech-memo/tech-memo/daily-news/iocs/2026_04-06/20260511.csv,177,file_hash_sha1,c98ee41f09ae079a5643626f57eb84f92205bb2b,sha1,c98ee41f09ae079a5643626f57eb84f92205bb2b,,malware,unknown,unknown,EtherRAT,RAT,https://thedfirreport.com/2026/05/11/flash-alert-etherrat-and-tuktuk-c2-end-in-the-gentleman-ransomware/,AI generated. SHA1 of EtherRAT backdoor (MVnVmUYj.cmd).,medium
2026-05-11,/home/runner/work/tech-memo/tech-memo/daily-news/iocs/2026_04-06/20260511.csv,2,file_hash_sha256,01889a9ec2abecb73e5e8792be68a4e3bc7dcbe1c3f19ac06763682d63aa8c21,sha256,01889a9ec2abecb73e5e8792be68a4e3bc7dcbe1c3f19ac06763682d63aa8c21,,malware,unknown,unknown,TrickMo,stealer,https://www.threatfabric.com/blogs/new-trickmo-variant-device-take-over-malware-targeting-banking-fintech-wallet-auth-app,AI generated. SHA256 hash of TrickMo dropper disguised as TikTokApp18+ reported in ThreatFabric analysis.,medium
2026-05-11,/home/runner/work/tech-memo/tech-memo/daily-news/iocs/2026_04-06/20260511.csv,6,file_hash_sha256,143c0e12d2aa1bdecde59f273139dd5605d00f61cda7f626224e07390119c026,sha256,143c0e12d2aa1bdecde59f273139dd5605d00f61cda7f626224e07390119c026,,malware,unknown,unknown,TrickMo,stealer,https://www.threatfabric.com/blogs/new-trickmo-variant-device-take-over-malware-targeting-banking-fintech-wallet-auth-app,AI generated. SHA256 hash of TrickMo dex module (old variant) reported in ThreatFabric analysis.,medium
2026-05-11,/home/runner/work/tech-memo/tech-memo/daily-news/iocs/2026_04-06/20260511.csv,3,file_hash_sha256,177ef86c57c31b29850227dbc8288b735bea977587f2f0a49cfc4089a644a2c4,sha256,177ef86c57c31b29850227dbc8288b735bea977587f2f0a49cfc4089a644a2c4,,malware,unknown,unknown,TrickMo,stealer,https://www.threatfabric.com/blogs/new-trickmo-variant-device-take-over-malware-targeting-banking-fintech-wallet-auth-app,AI generated. SHA256 hash of TrickMo dropper disguised as TikTokApp18+ reported in ThreatFabric analysis.,medium
2026-05-11,/home/runner/work/tech-memo/tech-memo/daily-news/iocs/2026_04-06/20260511.csv,190,file_hash_sha256,1795eacd2c58894ccdd6be8854fe6456c3b069a3a873432343b57b475b256aee,sha256,1795eacd2c58894ccdd6be8854fe6456c3b069a3a873432343b57b475b256aee,,tool,unknown,unknown,N/A,N/A,https://thedfirreport.com/2026/05/11/flash-alert-etherrat-and-tuktuk-c2-end-in-the-gentleman-ransomware/,AI generated. SHA256 of GoTo Resolve RMM MSI (smokymo.msi) deployed by attackers for lateral movement.,medium
2026-05-11,/home/runner/work/tech-memo/tech-memo/daily-news/iocs/2026_04-06/20260511.csv,187,file_hash_sha256,19021e53b9929fdf4b7d0e0707434d56bb73c1a9b7403c8837b44d1c417198dc,sha256,19021e53b9929fdf4b7d0e0707434d56bb73c1a9b7403c8837b44d1c417198dc,,malware,unknown,unknown,TukTuk,RAT,https://thedfirreport.com/2026/05/11/flash-alert-etherrat-and-tuktuk-c2-end-in-the-gentleman-ransomware/,AI generated. SHA256 of TukTuk malware (log4net.dll) using SaaS platforms as C2.,medium
2026-05-11,/home/runner/work/tech-memo/tech-memo/daily-news/iocs/2026_04-06/20260511.csv,184,file_hash_sha256,2d4b4bb18b8445e49eeda571982874403befcecf78266e3d405f6529d98bee46,sha256,2d4b4bb18b8445e49eeda571982874403befcecf78266e3d405f6529d98bee46,,related-file,unknown,unknown,EtherRAT,RAT,https://thedfirreport.com/2026/05/11/flash-alert-etherrat-and-tuktuk-c2-end-in-the-gentleman-ransomware/,AI generated. SHA256 of EtherRAT INI file (v72HYLU3OpRBznc.ini).,medium
2026-05-11,/home/runner/work/tech-memo/tech-memo/daily-news/iocs/2026_04-06/20260511.csv,181,file_hash_sha256,4142d5efd4ea2abab77f2f0a917610e2ff976bf9e19d7ad1e9156eccdc5412db,sha256,4142d5efd4ea2abab77f2f0a917610e2ff976bf9e19d7ad1e9156eccdc5412db,,related-file,unknown,unknown,EtherRAT,RAT,https://thedfirreport.com/2026/05/11/flash-alert-etherrat-and-tuktuk-c2-end-in-the-gentleman-ransomware/,AI generated. SHA256 of EtherRAT configuration file (A7Pnj975bl.cfg).,medium
2026-05-11,/home/runner/work/tech-memo/tech-memo/daily-news/iocs/2026_04-06/20260511.csv,7,file_hash_sha256,4cd8635062ff6b0885216a0b1658ebcb2938b670f7ac08ecb0b5fb85d8973ea0,sha256,4cd8635062ff6b0885216a0b1658ebcb2938b670f7ac08ecb0b5fb85d8973ea0,,malware,unknown,unknown,TrickMo,stealer,https://www.threatfabric.com/blogs/new-trickmo-variant-device-take-over-malware-targeting-banking-fintech-wallet-auth-app,AI generated. SHA256 hash of TrickMo dex module (new variant) reported in ThreatFabric analysis.,medium
2026-05-11,/home/runner/work/tech-memo/tech-memo/daily-news/iocs/2026_04-06/20260511.csv,5,file_hash_sha256,749bbcbc3e5d2d524344d52b6471dfa7b8d3ecdeb0b11ab82c843d497a056c8f,sha256,749bbcbc3e5d2d524344d52b6471dfa7b8d3ecdeb0b11ab82c843d497a056c8f,,malware,unknown,unknown,TrickMo,stealer,https://www.threatfabric.com/blogs/new-trickmo-variant-device-take-over-malware-targeting-banking-fintech-wallet-auth-app,AI generated. SHA256 hash of TrickMo host component disguised as Google Play Services reported in ThreatFabric analysis.,medium
2026-05-11,/home/runner/work/tech-memo/tech-memo/daily-news/iocs/2026_04-06/20260511.csv,178,file_hash_sha256,8c2665adf8bfab65463f2a9bd1b7bb0231de3f5c1e6a2e51479e44aaac2e7bf0,sha256,8c2665adf8bfab65463f2a9bd1b7bb0231de3f5c1e6a2e51479e44aaac2e7bf0,,malware,unknown,unknown,EtherRAT,RAT,https://thedfirreport.com/2026/05/11/flash-alert-etherrat-and-tuktuk-c2-end-in-the-gentleman-ransomware/,AI generated. SHA256 of EtherRAT backdoor (MVnVmUYj.cmd) using Ethereum smart contract for C2 resolution.,medium
2026-05-11,/home/runner/work/tech-memo/tech-memo/daily-news/iocs/2026_04-06/20260511.csv,175,file_hash_sha256,d9487fdc097f770e5661f9e5dee130068cb179d33716abff1a21c8cb901f25a6,sha256,d9487fdc097f770e5661f9e5dee130068cb179d33716abff1a21c8cb901f25a6,,abusefile,unknown,unknown,EtherRAT,RAT,https://thedfirreport.com/2026/05/11/flash-alert-etherrat-and-tuktuk-c2-end-in-the-gentleman-ransomware/,AI generated. SHA256 of trojanized RAMMap MSI used as initial access vector in EtherRAT intrusion.,medium
2026-05-11,/home/runner/work/tech-memo/tech-memo/daily-news/iocs/2026_04-06/20260511.csv,4,file_hash_sha256,e2e218ddf698b4c0099fd2a9619d6912a71f75beb51669a4e3ae4fc71f745d03,sha256,e2e218ddf698b4c0099fd2a9619d6912a71f75beb51669a4e3ae4fc71f745d03,,malware,unknown,unknown,TrickMo,stealer,https://www.threatfabric.com/blogs/new-trickmo-variant-device-take-over-malware-targeting-banking-fintech-wallet-auth-app,AI generated. SHA256 hash of TrickMo host component disguised as Google Play Services reported in ThreatFabric analysis.,medium
2026-05-11,/home/runner/work/tech-memo/tech-memo/daily-news/iocs/2026_04-06/20260511.csv,10,url,http://customroofingcontractors.com/curl/b42a0ed9d1ecb72e42d6034502c304845d98805481d99cea4e259359f9ab206e,url,http://customroofingcontractors.com/curl/b42a0ed9d1ecb72e42d6034502c304845d98805481d99cea4e259359f9ab206e,customroofingcontractors.com,c2,unknown,unknown,Macsync,stealer,https://www.bleepingcomputer.com/news/security/hackers-abuse-google-ads-claudeai-chats-to-push-mac-malware/,AI generated. Payload delivery URL hosting encoded shell script in Mac malware campaign abusing Claude.ai.,medium
2026-05-11,/home/runner/work/tech-memo/tech-memo/daily-news/iocs/2026_04-06/20260511.csv,160,url,https://afford-effect-construct-tricks.trycloudflare.com,url,https://afford-effect-construct-tricks.trycloudflare.com,afford-effect-construct-tricks.trycloudflare.com,c2,unknown,unknown,EtherRAT,RAT,https://thedfirreport.com/2026/05/11/flash-alert-etherrat-and-tuktuk-c2-end-in-the-gentleman-ransomware/,AI generated. TryCloudflare tunnel URL used as EtherRAT C2 or decoy infrastructure in intrusion ending in The Gentleman ransomware.,medium
2026-05-11,/home/runner/work/tech-memo/tech-memo/daily-news/iocs/2026_04-06/20260511.csv,11,url,https://bernasibutuwqu2.com/debug/loader.sh?build=a39427f9d5bfda11277f1a58c89b7c2d,url,https://bernasibutuwqu2.com/debug/loader.sh?build=a39427f9d5bfda11277f1a58c89b7c2d,bernasibutuwqu2.com,c2,unknown,unknown,Macsync,stealer,https://www.bleepingcomputer.com/news/security/hackers-abuse-google-ads-claudeai-chats-to-push-mac-malware/,AI generated. URL serving loader.sh payload in variant of Mac malware campaign abusing Claude.ai.,medium
2026-05-11,/home/runner/work/tech-memo/tech-memo/daily-news/iocs/2026_04-06/20260511.csv,8,url,https://claude.ai/share/9aac1046-a39e-4618-8265-f54c4be863f7,url,https://claude.ai/share/9aac1046-a39e-4618-8265-f54c4be863f7,claude.ai,phishing-site,unknown,unknown,Macsync,stealer,https://www.bleepingcomputer.com/news/security/hackers-abuse-google-ads-claudeai-chats-to-push-mac-malware/,AI generated. Malicious Claude.ai shared chat delivering fake macOS installation instructions.,medium
2026-05-11,/home/runner/work/tech-memo/tech-memo/daily-news/iocs/2026_04-06/20260511.csv,9,url,https://claude.ai/share/eb2db455-1d47-4baf-8671-0a689e165902,url,https://claude.ai/share/eb2db455-1d47-4baf-8671-0a689e165902,claude.ai,phishing-site,unknown,unknown,Macsync,stealer,https://www.bleepingcomputer.com/news/security/hackers-abuse-google-ads-claudeai-chats-to-push-mac-malware/,AI generated. Malicious Claude.ai shared chat delivering fake macOS installation instructions.,medium
2026-05-11,/home/runner/work/tech-memo/tech-memo/daily-news/iocs/2026_04-06/20260511.csv,165,url,https://entered-medications-motherboard-advanced.trycloudflare.com,url,https://entered-medications-motherboard-advanced.trycloudflare.com,entered-medications-motherboard-advanced.trycloudflare.com,c2,unknown,unknown,EtherRAT,RAT,https://thedfirreport.com/2026/05/11/flash-alert-etherrat-and-tuktuk-c2-end-in-the-gentleman-ransomware/,AI generated. TryCloudflare tunnel URL used as EtherRAT C2 or decoy infrastructure in intrusion ending in The Gentleman ransomware.,medium
2026-05-11,/home/runner/work/tech-memo/tech-memo/daily-news/iocs/2026_04-06/20260511.csv,157,url,https://fields-pct-easier-vancouver.trycloudflare.com,url,https://fields-pct-easier-vancouver.trycloudflare.com,fields-pct-easier-vancouver.trycloudflare.com,c2,unknown,unknown,EtherRAT,RAT,https://thedfirreport.com/2026/05/11/flash-alert-etherrat-and-tuktuk-c2-end-in-the-gentleman-ransomware/,AI generated. TryCloudflare tunnel URL used as EtherRAT C2 or decoy infrastructure in intrusion ending in The Gentleman ransomware.,medium
2026-05-11,/home/runner/work/tech-memo/tech-memo/daily-news/iocs/2026_04-06/20260511.csv,158,url,https://howto-tar-naturals-coordination.trycloudflare.com,url,https://howto-tar-naturals-coordination.trycloudflare.com,howto-tar-naturals-coordination.trycloudflare.com,c2,unknown,unknown,EtherRAT,RAT,https://thedfirreport.com/2026/05/11/flash-alert-etherrat-and-tuktuk-c2-end-in-the-gentleman-ransomware/,AI generated. TryCloudflare tunnel URL used as EtherRAT C2 or decoy infrastructure in intrusion ending in The Gentleman ransomware.,medium
2026-05-11,/home/runner/work/tech-memo/tech-memo/daily-news/iocs/2026_04-06/20260511.csv,163,url,https://mode-exit-legendary-trusted.trycloudflare.com,url,https://mode-exit-legendary-trusted.trycloudflare.com,mode-exit-legendary-trusted.trycloudflare.com,c2,unknown,unknown,EtherRAT,RAT,https://thedfirreport.com/2026/05/11/flash-alert-etherrat-and-tuktuk-c2-end-in-the-gentleman-ransomware/,AI generated. TryCloudflare tunnel URL used as EtherRAT C2 or decoy infrastructure in intrusion ending in The Gentleman ransomware.,medium
2026-05-11,/home/runner/work/tech-memo/tech-memo/daily-news/iocs/2026_04-06/20260511.csv,161,url,https://rapids-lil-lending-charleston.trycloudflare.com,url,https://rapids-lil-lending-charleston.trycloudflare.com,rapids-lil-lending-charleston.trycloudflare.com,c2,unknown,unknown,EtherRAT,RAT,https://thedfirreport.com/2026/05/11/flash-alert-etherrat-and-tuktuk-c2-end-in-the-gentleman-ransomware/,AI generated. TryCloudflare tunnel URL used as EtherRAT C2 or decoy infrastructure in intrusion ending in The Gentleman ransomware.,medium
2026-05-11,/home/runner/work/tech-memo/tech-memo/daily-news/iocs/2026_04-06/20260511.csv,164,url,https://seasonal-estimation-heating-necessarily.trycloudflare.com,url,https://seasonal-estimation-heating-necessarily.trycloudflare.com,seasonal-estimation-heating-necessarily.trycloudflare.com,c2,unknown,unknown,EtherRAT,RAT,https://thedfirreport.com/2026/05/11/flash-alert-etherrat-and-tuktuk-c2-end-in-the-gentleman-ransomware/,AI generated. TryCloudflare tunnel URL used as EtherRAT C2 or decoy infrastructure in intrusion ending in The Gentleman ransomware.,medium
2026-05-11,/home/runner/work/tech-memo/tech-memo/daily-news/iocs/2026_04-06/20260511.csv,166,url,https://walt-messaging-affairs-occurring.trycloudflare.com,url,https://walt-messaging-affairs-occurring.trycloudflare.com,walt-messaging-affairs-occurring.trycloudflare.com,c2,unknown,unknown,EtherRAT,RAT,https://thedfirreport.com/2026/05/11/flash-alert-etherrat-and-tuktuk-c2-end-in-the-gentleman-ransomware/,AI generated. TryCloudflare tunnel URL used as EtherRAT C2 or decoy infrastructure in intrusion ending in The Gentleman ransomware.,medium
2026-05-11,/home/runner/work/tech-memo/tech-memo/daily-news/iocs/2026_04-06/20260511.csv,162,url,https://when-architectural-cdna-faster.trycloudflare.com,url,https://when-architectural-cdna-faster.trycloudflare.com,when-architectural-cdna-faster.trycloudflare.com,c2,unknown,unknown,EtherRAT,RAT,https://thedfirreport.com/2026/05/11/flash-alert-etherrat-and-tuktuk-c2-end-in-the-gentleman-ransomware/,AI generated. TryCloudflare tunnel URL used as EtherRAT C2 or decoy infrastructure in intrusion ending in The Gentleman ransomware.,medium
2026-05-11,/home/runner/work/tech-memo/tech-memo/daily-news/iocs/2026_04-06/20260511.csv,156,url,https://witch-skins-lip-coal.trycloudflare.com,url,https://witch-skins-lip-coal.trycloudflare.com,witch-skins-lip-coal.trycloudflare.com,c2,unknown,unknown,EtherRAT,RAT,https://thedfirreport.com/2026/05/11/flash-alert-etherrat-and-tuktuk-c2-end-in-the-gentleman-ransomware/,AI generated. TryCloudflare tunnel URL used as EtherRAT C2 or decoy infrastructure in intrusion ending in The Gentleman ransomware.,medium
2026-05-11,/home/runner/work/tech-memo/tech-memo/daily-news/iocs/2026_04-06/20260511.csv,159,url,https://workshop-lighting-protective-customs.trycloudflare.com,url,https://workshop-lighting-protective-customs.trycloudflare.com,workshop-lighting-protective-customs.trycloudflare.com,c2,unknown,unknown,EtherRAT,RAT,https://thedfirreport.com/2026/05/11/flash-alert-etherrat-and-tuktuk-c2-end-in-the-gentleman-ransomware/,AI generated. TryCloudflare tunnel URL used as EtherRAT C2 or decoy infrastructure in intrusion ending in The Gentleman ransomware.,medium
2026-05-13,/home/runner/work/tech-memo/tech-memo/daily-news/iocs/2026_04-06/20260513.csv,7,domain,audit.checkmarx.cx,domain,audit.checkmarx.cx,audit.checkmarx.cx,c2,TeamPCP,unknown,Infostealer,stealer,https://checkmarx.com/blog/ongoing-security-updates/,AI generated. Attacker-controlled subdomain of checkmarx.cx used as C2 endpoint in supply chain attack.,medium
2026-05-13,/home/runner/work/tech-memo/tech-memo/daily-news/iocs/2026_04-06/20260513.csv,6,domain,checkmarx.cx,domain,checkmarx.cx,checkmarx.cx,c2,TeamPCP,unknown,Infostealer,stealer,https://checkmarx.com/blog/ongoing-security-updates/,AI generated. Attacker-controlled domain impersonating Checkmarx using .cx TLD serving as C2 backend.,medium
2026-05-13,/home/runner/work/tech-memo/tech-memo/daily-news/iocs/2026_04-06/20260513.csv,5,domain,checkmarx.zone,domain,checkmarx.zone,checkmarx.zone,c2,TeamPCP,unknown,Infostealer,stealer,https://checkmarx.com/blog/ongoing-security-updates/,AI generated. Attacker-controlled domain impersonating Checkmarx brand used as C2 infrastructure in supply chain attack.,medium
2026-05-13,/home/runner/work/tech-memo/tech-memo/daily-news/iocs/2026_04-06/20260513.csv,14,domain,precommit.vercel.app,domain,precommit.vercel.app,precommit.vercel.app,c2,Lazarus Group,north-korea,"InvisibleFerret, BeaverTail",stealer,https://opensourcemalware.com/blog/dprk-git-hooks-malware,AI generated. Attacker-controlled Vercel-hosted domain masquerading as pre-commit service used as C2 in DPRK Lazarus Group Git hooks campaign.,medium
2026-05-13,/home/runner/work/tech-memo/tech-memo/daily-news/iocs/2026_04-06/20260513.csv,8,domain,updates.checkmarx.cx,domain,updates.checkmarx.cx,updates.checkmarx.cx,c2,TeamPCP,unknown,Infostealer,stealer,https://checkmarx.com/blog/ongoing-security-updates/,AI generated. Attacker-controlled subdomain of checkmarx.cx used as C2 update endpoint in supply chain attack.,medium
2026-05-13,/home/runner/work/tech-memo/tech-memo/daily-news/iocs/2026_04-06/20260513.csv,2,ip,91.195.240.123,ip,91.195.240.123,,c2,TeamPCP,unknown,Infostealer,stealer,https://checkmarx.com/blog/ongoing-security-updates/,AI generated. C2 IP associated with attacker-controlled checkmarx.cx domain in Checkmarx Jenkins plugin supply chain attack.,medium
2026-05-13,/home/runner/work/tech-memo/tech-memo/daily-news/iocs/2026_04-06/20260513.csv,4,ip,94.154.172.183,ip,94.154.172.183,,c2,TeamPCP,unknown,Infostealer,stealer,https://checkmarx.com/blog/ongoing-security-updates/,AI generated. C2 IP associated with attacker-controlled updates.checkmarx.cx domain in supply chain attack.,medium
2026-05-13,/home/runner/work/tech-memo/tech-memo/daily-news/iocs/2026_04-06/20260513.csv,3,ip,94.154.172.43,ip,94.154.172.43,,c2,TeamPCP,unknown,Infostealer,stealer,https://checkmarx.com/blog/ongoing-security-updates/,AI generated. C2 IP associated with attacker-controlled audit.checkmarx.cx domain in supply chain attack.,medium
2026-05-13,/home/runner/work/tech-memo/tech-memo/daily-news/iocs/2026_04-06/20260513.csv,12,file_hash_sha256,65bd72fcddaf938cefdf55b3323ad29f649a65d4ddd6aea09afa974dfc7f105d,sha256,65bd72fcddaf938cefdf55b3323ad29f649a65d4ddd6aea09afa974dfc7f105d,,malware,TeamPCP,unknown,Infostealer,stealer,https://checkmarx.com/blog/ongoing-security-updates/,AI generated. SHA256 of malicious Checkmarx VS Code extension (ast-results-2.53.0.vsix) containing infostealer code.,medium
2026-05-13,/home/runner/work/tech-memo/tech-memo/daily-news/iocs/2026_04-06/20260513.csv,13,file_hash_sha256,744c9d61b66bcd2bb5474d9afeee6c00bb7e0cd32535781da188b80eb59383e0,sha256,744c9d61b66bcd2bb5474d9afeee6c00bb7e0cd32535781da188b80eb59383e0,,malware,TeamPCP,unknown,Infostealer,stealer,https://checkmarx.com/blog/ongoing-security-updates/,AI generated. SHA256 of malicious Checkmarx VS Code extension (cx-dev-assist-1.7.0.vsix) containing infostealer code.,medium
2026-05-13,/home/runner/work/tech-memo/tech-memo/daily-news/iocs/2026_04-06/20260513.csv,16,url,https://precommit.vercel.app/settings/linux?flag=5,url,https://precommit.vercel.app/settings/linux?flag=5,precommit.vercel.app,c2,Lazarus Group,north-korea,"InvisibleFerret, BeaverTail",stealer,https://opensourcemalware.com/blog/dprk-git-hooks-malware,AI generated. C2 URL serving Linux payload via malicious Git hooks pre-commit script in DPRK Lazarus Group campaign.,medium
2026-05-13,/home/runner/work/tech-memo/tech-memo/daily-news/iocs/2026_04-06/20260513.csv,15,url,https://precommit.vercel.app/settings/mac?flag=5,url,https://precommit.vercel.app/settings/mac?flag=5,precommit.vercel.app,c2,Lazarus Group,north-korea,"InvisibleFerret, BeaverTail",stealer,https://opensourcemalware.com/blog/dprk-git-hooks-malware,AI generated. C2 URL serving macOS payload via malicious Git hooks pre-commit script in DPRK Lazarus Group campaign.,medium
2026-05-13,/home/runner/work/tech-memo/tech-memo/daily-news/iocs/2026_04-06/20260513.csv,17,url,https://precommit.vercel.app/settings/windows?flag=5,url,https://precommit.vercel.app/settings/windows?flag=5,precommit.vercel.app,c2,Lazarus Group,north-korea,"InvisibleFerret, BeaverTail",stealer,https://opensourcemalware.com/blog/dprk-git-hooks-malware,AI generated. C2 URL serving Windows payload via malicious Git hooks pre-commit script in DPRK Lazarus Group campaign.,medium
2026-05-14,/home/runner/work/tech-memo/tech-memo/daily-news/iocs/2026_04-06/20260515.csv,35,domain,bt.node.js,domain,bt.node.js,bt.node.js,c2,unknown,unknown,unknown,stealer,https://socket.dev/blog/node-ipc-package-compromised,AI generated. DNS exfiltration zone used via TXT queries to exfiltrate credentials in node-ipc compromise.,medium
2026-05-14,/home/runner/work/tech-memo/tech-memo/daily-news/iocs/2026_04-06/20260515.csv,34,domain,sh.azurestaticprovider.net,domain,sh.azurestaticprovider.net,sh.azurestaticprovider.net,c2,unknown,unknown,unknown,stealer,https://socket.dev/blog/node-ipc-package-compromised,AI generated. Azure lookalike domain used as bootstrap DNS resolver for credential exfiltration in node-ipc compromise.,medium
2026-05-14,/home/runner/work/tech-memo/tech-memo/daily-news/iocs/2026_04-06/20260514.csv,2,domain,xwjyzxf-jp77.icu,domain,xwjyzxf-jp77.icu,xwjyzxf-jp77.icu,phishing-site,unknown,unknown,unknown,unknown,https://x.com/bomccss/status/2054553783603220488,AI generated. Domain used in Japanese malspam campaign delivering malware via ZIP/ISO/EXE sideloading.,medium
2026-05-14,/home/runner/work/tech-memo/tech-memo/daily-news/iocs/2026_04-06/20260515.csv,36,ip,37.16.75.69,ip,37.16.75.69,,c2,unknown,unknown,unknown,stealer,https://socket.dev/blog/node-ipc-package-compromised,AI generated. IP address resolved by sh.azurestaticprovider.net used as DNS TXT exfiltration target in node-ipc compromise.,medium
2026-05-14,/home/runner/work/tech-memo/tech-memo/daily-news/iocs/2026_04-06/20260514.csv,4,ip,38.76.199.112,ip,38.76.199.112,,c2,unknown,unknown,unknown,unknown,https://x.com/bomccss/status/2054553783603220488,AI generated. IP hosting malware payload and acting as C2 (port 28888) in Japanese malspam campaign.,medium
2026-05-14,/home/runner/work/tech-memo/tech-memo/daily-news/iocs/2026_04-06/20260515.csv,38,file_hash_sha256,449e4265979b5fdb2d3446c021af437e815debd66de7da2fe54f1ad93cbcc75e,sha256,449e4265979b5fdb2d3446c021af437e815debd66de7da2fe54f1ad93cbcc75e,,malware,unknown,unknown,unknown,stealer,https://socket.dev/blog/node-ipc-package-compromised,AI generated. SHA256 of compromised node-ipc 9.1.6 npm package archive.,medium
2026-05-14,/home/runner/work/tech-memo/tech-memo/daily-news/iocs/2026_04-06/20260515.csv,40,file_hash_sha256,78a82d93b4f580835f5823b85a3d9ee1f03a15ee6f0e01b4eac86252a7002981,sha256,78a82d93b4f580835f5823b85a3d9ee1f03a15ee6f0e01b4eac86252a7002981,,malware,unknown,unknown,unknown,stealer,https://socket.dev/blog/node-ipc-package-compromised,AI generated. SHA256 of compromised node-ipc 12.0.1 npm package archive.,medium
2026-05-14,/home/runner/work/tech-memo/tech-memo/daily-news/iocs/2026_04-06/20260515.csv,37,file_hash_sha256,96097e0612d9575cb133021017fb1a5c68a03b60f9f3d24ebdc0e628d9034144,sha256,96097e0612d9575cb133021017fb1a5c68a03b60f9f3d24ebdc0e628d9034144,,malware,unknown,unknown,unknown,stealer,https://socket.dev/blog/node-ipc-package-compromised,AI generated. SHA256 of malicious node-ipc.cjs file containing credential-stealing payload.,medium
2026-05-14,/home/runner/work/tech-memo/tech-memo/daily-news/iocs/2026_04-06/20260514.csv,6,file_hash_sha256,bb3f80103a4d9a9cf7f14a9f79b1acb5324e04314b514af1811c2120607beb11,sha256,bb3f80103a4d9a9cf7f14a9f79b1acb5324e04314b514af1811c2120607beb11,,malware,unknown,unknown,unknown,unknown,https://x.com/bomccss/status/2054553783603220488,AI generated. SHA256 hash of malware payload retrieved from 38.76.199.112 in Japanese malspam campaign.,medium
2026-05-14,/home/runner/work/tech-memo/tech-memo/daily-news/iocs/2026_04-06/20260515.csv,39,file_hash_sha256,c2f4dc64aec4631540a568e88932b61daebbfb7e8281b812fa01b7215f9be9ea,sha256,c2f4dc64aec4631540a568e88932b61daebbfb7e8281b812fa01b7215f9be9ea,,malware,unknown,unknown,unknown,stealer,https://socket.dev/blog/node-ipc-package-compromised,AI generated. SHA256 of compromised node-ipc 9.2.3 npm package archive.,medium
2026-05-14,/home/runner/work/tech-memo/tech-memo/daily-news/iocs/2026_04-06/20260514.csv,5,url,http://38.76.199.112/Check.zip,url,http://38.76.199.112/Check.zip,38.76.199.112,malware,unknown,unknown,unknown,unknown,https://x.com/bomccss/status/2054553783603220488,AI generated. URL serving malware payload (Check.zip) downloaded after executing sideloaded EXE in Japanese malspam campaign.,medium
2026-05-14,/home/runner/work/tech-memo/tech-memo/daily-news/iocs/2026_04-06/20260514.csv,3,url,https://xwjyzxf-jp77.icu/,url,https://xwjyzxf-jp77.icu,xwjyzxf-jp77.icu,phishing-site,unknown,unknown,unknown,unknown,https://x.com/bomccss/status/2054553783603220488,AI generated. URL used in Japanese malspam campaign delivering malware via ZIP/ISO/EXE sideloading.,medium
2026-05-15,/home/runner/work/tech-memo/tech-memo/daily-news/iocs/2026_04-06/20260515.csv,97,ip,136.115.211.254,ip,136.115.211.254,,c2,TeamPCP,unknown,unknown,stealer,https://hunt.io/blog/teampcp-python-toolkit-firescale-github-c2-takedown,AI generated. TLS certificate cluster candidate associated with TeamPCP infrastructure.,medium
2026-05-15,/home/runner/work/tech-memo/tech-memo/daily-news/iocs/2026_04-06/20260515.csv,2,ip,144.172.99.68,ip,144.172.99.68,,c2,KongTuke,unknown,ModeloRAT,RAT,https://reliaquest.com/blog/threat-spotlight-help-desk-lures-drop-kongtukes-evolved-modelorat,AI generated. C2 IP used by ModeloRAT Pmanager.py component.,medium
2026-05-15,/home/runner/work/tech-memo/tech-memo/daily-news/iocs/2026_04-06/20260515.csv,5,ip,162.33.179.149,ip,162.33.179.149,,c2,KongTuke,unknown,ModeloRAT,RAT,https://reliaquest.com/blog/threat-spotlight-help-desk-lures-drop-kongtukes-evolved-modelorat,AI generated. C2 IP used by ModeloRAT Pmanager.py component.,medium
2026-05-15,/home/runner/work/tech-memo/tech-memo/daily-news/iocs/2026_04-06/20260515.csv,95,ip,34.66.134.145,ip,34.66.134.145,,c2,TeamPCP,unknown,unknown,stealer,https://hunt.io/blog/teampcp-python-toolkit-firescale-github-c2-takedown,AI generated. TLS certificate cluster candidate associated with TeamPCP infrastructure.,medium
2026-05-15,/home/runner/work/tech-memo/tech-memo/daily-news/iocs/2026_04-06/20260515.csv,96,ip,35.188.190.218,ip,35.188.190.218,,c2,TeamPCP,unknown,unknown,stealer,https://hunt.io/blog/teampcp-python-toolkit-firescale-github-c2-takedown,AI generated. TLS certificate cluster candidate associated with TeamPCP infrastructure.,medium
2026-05-15,/home/runner/work/tech-memo/tech-memo/daily-news/iocs/2026_04-06/20260515.csv,94,ip,35.192.220.222,ip,35.192.220.222,,c2,TeamPCP,unknown,unknown,stealer,https://hunt.io/blog/teampcp-python-toolkit-firescale-github-c2-takedown,AI generated. GCP-based additional C2 candidate sharing HTTP header fingerprint with primary TeamPCP C2.,medium
2026-05-15,/home/runner/work/tech-memo/tech-memo/daily-news/iocs/2026_04-06/20260515.csv,3,ip,45.61.136.94,ip,45.61.136.94,,c2,KongTuke,unknown,ModeloRAT,RAT,https://reliaquest.com/blog/threat-spotlight-help-desk-lures-drop-kongtukes-evolved-modelorat,AI generated. C2 IP used by ModeloRAT Pmanager.py component.,medium
2026-05-15,/home/runner/work/tech-memo/tech-memo/daily-news/iocs/2026_04-06/20260515.csv,7,ip,64.95.10.14,ip,64.95.10.14,,c2,KongTuke,unknown,ModeloRAT,RAT,https://reliaquest.com/blog/threat-spotlight-help-desk-lures-drop-kongtukes-evolved-modelorat,AI generated. C2 IP used by ModeloRAT Pmanager.py component.,medium
2026-05-15,/home/runner/work/tech-memo/tech-memo/daily-news/iocs/2026_04-06/20260515.csv,4,ip,64.95.12.238,ip,64.95.12.238,,c2,KongTuke,unknown,ModeloRAT,RAT,https://reliaquest.com/blog/threat-spotlight-help-desk-lures-drop-kongtukes-evolved-modelorat,AI generated. C2 IP used by ModeloRAT Pmanager.py component.,medium
2026-05-15,/home/runner/work/tech-memo/tech-memo/daily-news/iocs/2026_04-06/20260515.csv,6,ip,64.95.13.76,ip,64.95.13.76,,c2,KongTuke,unknown,ModeloRAT,RAT,https://reliaquest.com/blog/threat-spotlight-help-desk-lures-drop-kongtukes-evolved-modelorat,AI generated. C2 IP used by ModeloRAT Pmanager.py component.,medium
2026-05-15,/home/runner/work/tech-memo/tech-memo/daily-news/iocs/2026_04-06/20260515.csv,91,ip,83.142.209.11,ip,83.142.209.11,,c2,TeamPCP,unknown,unknown,stealer,https://hunt.io/blog/teampcp-python-toolkit-firescale-github-c2-takedown,AI generated. TeamPCP C2 IP also hosting AdaptixC2 infrastructure.,medium
2026-05-15,/home/runner/work/tech-memo/tech-memo/daily-news/iocs/2026_04-06/20260515.csv,92,ip,83.142.209.194,ip,83.142.209.194,,c2,TeamPCP,unknown,unknown,stealer,https://hunt.io/blog/teampcp-python-toolkit-firescale-github-c2-takedown,AI generated. Primary hardcoded C2 IP in TeamPCP Python toolkit.,medium
2026-05-15,/home/runner/work/tech-memo/tech-memo/daily-news/iocs/2026_04-06/20260515.csv,93,ip,83.142.209.203,ip,83.142.209.203,,c2,TeamPCP,unknown,unknown,stealer,https://hunt.io/blog/teampcp-python-toolkit-firescale-github-c2-takedown,AI generated. TeamPCP C2 IP associated with campaign infrastructure.,medium
2026-05-15,/home/runner/work/tech-memo/tech-memo/daily-news/iocs/2026_04-06/20260515.csv,108,file_hash_sha256,03cdeb175f6f3d79aeca171841f83d10fff83143b2bc61a22c15f1ccfe484f27,sha256,03cdeb175f6f3d79aeca171841f83d10fff83143b2bc61a22c15f1ccfe484f27,,malware,TeamPCP,unknown,unknown,stealer,https://hunt.io/blog/teampcp-python-toolkit-firescale-github-c2-takedown,AI generated. SHA256 of TeamPCP Python toolkit component: AWS Secrets Manager and SSM credential collector.,medium
2026-05-15,/home/runner/work/tech-memo/tech-memo/daily-news/iocs/2026_04-06/20260515.csv,110,file_hash_sha256,0eb70f94b82aa24ae8f69d6644f17ca1173b1318a0d30af142d8f76a5175aa49,sha256,0eb70f94b82aa24ae8f69d6644f17ca1173b1318a0d30af142d8f76a5175aa49,,malware,TeamPCP,unknown,unknown,stealer,https://hunt.io/blog/teampcp-python-toolkit-firescale-github-c2-takedown,AI generated. SHA256 of TeamPCP Python toolkit component: HashiCorp Vault credential collector.,medium
2026-05-15,/home/runner/work/tech-memo/tech-memo/daily-news/iocs/2026_04-06/20260515.csv,112,file_hash_sha256,3b48fb6375ca66dba4b38c001a635b53a4e9ebee233a4ff3ac6352674f4ddc38,sha256,3b48fb6375ca66dba4b38c001a635b53a4e9ebee233a4ff3ac6352674f4ddc38,,malware,TeamPCP,unknown,unknown,stealer,https://hunt.io/blog/teampcp-python-toolkit-firescale-github-c2-takedown,AI generated. SHA256 of TeamPCP Python toolkit component: AWS SigV4 Secrets Manager module.,medium
2026-05-15,/home/runner/work/tech-memo/tech-memo/daily-news/iocs/2026_04-06/20260515.csv,109,file_hash_sha256,4c37f2239888b689d67a193bbd7864d33641c9343574412470b4f882aefbff5c,sha256,4c37f2239888b689d67a193bbd7864d33641c9343574412470b4f882aefbff5c,,malware,TeamPCP,unknown,unknown,stealer,https://hunt.io/blog/teampcp-python-toolkit-firescale-github-c2-takedown,AI generated. SHA256 of TeamPCP Python toolkit component: GCP service account and IMDS credential collector.,medium
2026-05-15,/home/runner/work/tech-memo/tech-memo/daily-news/iocs/2026_04-06/20260515.csv,106,file_hash_sha256,50d88c81cac859cb0f446a30229b64336ef4f682a1ed12e1f4cfa03758d57042,sha256,50d88c81cac859cb0f446a30229b64336ef4f682a1ed12e1f4cfa03758d57042,,malware,TeamPCP,unknown,unknown,stealer,https://hunt.io/blog/teampcp-python-toolkit-firescale-github-c2-takedown,AI generated. SHA256 of TeamPCP Python toolkit component: local files env SSH dotenv Docker VPN collector.,medium
2026-05-15,/home/runner/work/tech-memo/tech-memo/daily-news/iocs/2026_04-06/20260515.csv,102,file_hash_sha256,552b159317005417fe2755ff502e05c618a2f568d646d8aa61edad9e02cf16b1,sha256,552b159317005417fe2755ff502e05c618a2f568d646d8aa61edad9e02cf16b1,,malware,TeamPCP,unknown,unknown,stealer,https://hunt.io/blog/teampcp-python-toolkit-firescale-github-c2-takedown,AI generated. SHA256 of TeamPCP Python toolkit component: C2 orchestrator with FIRESCALE and exfil chain.,medium
2026-05-15,/home/runner/work/tech-memo/tech-memo/daily-news/iocs/2026_04-06/20260515.csv,10,file_hash_sha256,61338b21f568c843773c02dac4d1b773b78fdcf65ba1e65bab44a8a278875fb9,sha256,61338b21f568c843773c02dac4d1b773b78fdcf65ba1e65bab44a8a278875fb9,,related-file,KongTuke,unknown,ModeloRAT,RAT,https://reliaquest.com/blog/threat-spotlight-help-desk-lures-drop-kongtukes-evolved-modelorat,AI generated. SHA256 of scriptA.vbs launcher script used by ModeloRAT.,medium
2026-05-15,/home/runner/work/tech-memo/tech-memo/daily-news/iocs/2026_04-06/20260515.csv,107,file_hash_sha256,630333cc3950387605ad09a528506053e4ff36cee08547b8424958d742a5eac7,sha256,630333cc3950387605ad09a528506053e4ff36cee08547b8424958d742a5eac7,,malware,TeamPCP,unknown,unknown,stealer,https://hunt.io/blog/teampcp-python-toolkit-firescale-github-c2-takedown,AI generated. SHA256 of TeamPCP Python toolkit component: password manager credential collector.,medium
2026-05-15,/home/runner/work/tech-memo/tech-memo/daily-news/iocs/2026_04-06/20260515.csv,8,file_hash_sha256,6d11817f510e596bb9b739dd1fddb3b1c929831b81503a4e8d7129543bf899b9,sha256,6d11817f510e596bb9b739dd1fddb3b1c929831b81503a4e8d7129543bf899b9,,malware,KongTuke,unknown,ModeloRAT,RAT,https://reliaquest.com/blog/threat-spotlight-help-desk-lures-drop-kongtukes-evolved-modelorat,AI generated. SHA256 of games.py reconnaissance collector component of ModeloRAT.,medium
2026-05-15,/home/runner/work/tech-memo/tech-memo/daily-news/iocs/2026_04-06/20260515.csv,105,file_hash_sha256,a3784a1502fbe0546f7195706a40628ec7bbe9825b0f54dd7ab7a8713874d65b,sha256,a3784a1502fbe0546f7195706a40628ec7bbe9825b0f54dd7ab7a8713874d65b,,malware,TeamPCP,unknown,unknown,stealer,https://hunt.io/blog/teampcp-python-toolkit-firescale-github-c2-takedown,AI generated. SHA256 of TeamPCP Python toolkit component: persistence wiper and audio module.,medium
2026-05-15,/home/runner/work/tech-memo/tech-memo/daily-news/iocs/2026_04-06/20260515.csv,103,file_hash_sha256,c234e6e5f5366cf1a703e62a995a7a0511583ca703c7c9d0590965342eb4c4e8,sha256,c234e6e5f5366cf1a703e62a995a7a0511583ca703c7c9d0590965342eb4c4e8,,malware,TeamPCP,unknown,unknown,stealer,https://hunt.io/blog/teampcp-python-toolkit-firescale-github-c2-takedown,AI generated. SHA256 of TeamPCP Python toolkit component: platform/locale/CPU gating and pip install.,medium
2026-05-15,/home/runner/work/tech-memo/tech-memo/daily-news/iocs/2026_04-06/20260515.csv,9,file_hash_sha256,c404f6c2efbf4ff76aef245c2b0a4d2604be4dcdc1a7711823ed5ed5c1c736df,sha256,c404f6c2efbf4ff76aef245c2b0a4d2604be4dcdc1a7711823ed5ed5c1c736df,,related-file,KongTuke,unknown,ModeloRAT,RAT,https://reliaquest.com/blog/threat-spotlight-help-desk-lures-drop-kongtukes-evolved-modelorat,AI generated. SHA256 of StartManagerB.lnk persistence shortcut used by ModeloRAT.,medium
2026-05-15,/home/runner/work/tech-memo/tech-memo/daily-news/iocs/2026_04-06/20260515.csv,111,file_hash_sha256,ed81603bb88d8060deb46b474a515d49bb71ca0832a3f6d854b4b886bff25842,sha256,ed81603bb88d8060deb46b474a515d49bb71ca0832a3f6d854b4b886bff25842,,malware,TeamPCP,unknown,unknown,stealer,https://hunt.io/blog/teampcp-python-toolkit-firescale-github-c2-takedown,AI generated. SHA256 of TeamPCP Python toolkit component: Kubernetes kubeconfig parser and kubectl loader.,medium
2026-05-15,/home/runner/work/tech-memo/tech-memo/daily-news/iocs/2026_04-06/20260515.csv,104,file_hash_sha256,eeee34f2db5cb3eb5e5877c93e2250d44128c470d24fad38885bbfdab452de09,sha256,eeee34f2db5cb3eb5e5877c93e2250d44128c470d24fad38885bbfdab452de09,,malware,TeamPCP,unknown,unknown,stealer,https://hunt.io/blog/teampcp-python-toolkit-firescale-github-c2-takedown,AI generated. SHA256 of TeamPCP Python toolkit component: parallel collector dispatch.,medium
2026-05-15,/home/runner/work/tech-memo/tech-memo/daily-news/iocs/2026_04-06/20260515.csv,100,url,https://83.142.209.194/audio.mp3,url,https://83.142.209.194/audio.mp3,83.142.209.194,c2,TeamPCP,unknown,unknown,stealer,https://hunt.io/blog/teampcp-python-toolkit-firescale-github-c2-takedown,AI generated. Wiper audio file download URL in TeamPCP Python toolkit (RunForCover.mp3).,medium
2026-05-15,/home/runner/work/tech-memo/tech-memo/daily-news/iocs/2026_04-06/20260515.csv,98,url,https://83.142.209.194/v1/models,url,https://83.142.209.194/v1/models,83.142.209.194,c2,TeamPCP,unknown,unknown,stealer,https://hunt.io/blog/teampcp-python-toolkit-firescale-github-c2-takedown,AI generated. Primary beacon and operator command retrieval endpoint in TeamPCP Python toolkit.,medium
2026-05-15,/home/runner/work/tech-memo/tech-memo/daily-news/iocs/2026_04-06/20260515.csv,99,url,https://83.142.209.194/v1/weights,url,https://83.142.209.194/v1/weights,83.142.209.194,c2,TeamPCP,unknown,unknown,stealer,https://hunt.io/blog/teampcp-python-toolkit-firescale-github-c2-takedown,AI generated. Data exfiltration endpoint in TeamPCP Python toolkit.,medium
2026-05-15,/home/runner/work/tech-memo/tech-memo/daily-news/iocs/2026_04-06/20260515.csv,101,url,https://api.github.com/search/commits?q=FIRESCALE,url,https://api.github.com/search/commits?q=FIRESCALE,api.github.com,c2,TeamPCP,unknown,unknown,stealer,https://hunt.io/blog/teampcp-python-toolkit-firescale-github-c2-takedown,AI generated. FIRESCALE dead-drop GitHub API query used by TeamPCP toolkit to find backup C2 server.,medium
2026-05-15,/home/runner/work/tech-memo/tech-memo/daily-news/iocs/2026_04-06/20260515.csv,11,url,https://www.dropbox.com/scl/fi/88btyiyisjwbuxhappb8m/ltuipoaensloieo.zip,url,https://www.dropbox.com/scl/fi/88btyiyisjwbuxhappb8m/ltuipoaensloieo.zip,www.dropbox.com,malware,KongTuke,unknown,ModeloRAT,RAT,https://reliaquest.com/blog/threat-spotlight-help-desk-lures-drop-kongtukes-evolved-modelorat,AI generated. Dropbox-hosted ZIP delivering ModeloRAT payload.,medium
2026-05-15,/home/runner/work/tech-memo/tech-memo/daily-news/iocs/2026_04-06/20260515.csv,12,url,https://www.dropbox.com/scl/fi/vpyhgodqd358qtp0fmnzr/at3.zip,url,https://www.dropbox.com/scl/fi/vpyhgodqd358qtp0fmnzr/at3.zip,www.dropbox.com,malware,KongTuke,unknown,ModeloRAT,RAT,https://reliaquest.com/blog/threat-spotlight-help-desk-lures-drop-kongtukes-evolved-modelorat,AI generated. Dropbox-hosted ZIP delivering ModeloRAT variant payload.,medium
