event_key,date,week,month,event_type,title,summary,source_file,source_url,confidence,needs_review,monthly_followup_candidate
2026-04_axios_npm_unc1069,2026-04-01,2026-W14,2026-04,supply_chain,Axiosnpmパッケージが北朝鮮系UNC1069のソーシャルエンジニアリングで汚染,人気HTTPクライアントAxiosのメンテナーが標的型ソーシャルエンジニアリングで侵害されnpm悪性版1.14.1/0.30.4が3時間公開。plain-crypto-js依存経由でRATを展開。Google TIGがUNC1069（北朝鮮系）に関連付け。,daily-news/news/2026_04-06/20260401.md,https://www.stepsecurity.io/blog/axios-compromised-on-npm-malicious-versions-drop-remote-access-trojan,high,false,yes
2026-04_carecloud_healthcare_breach,2026-04-01,2026-W14,2026-04,incident,医療IT企業CareCloudが患者医療記録のデータ侵害を公表・8時間のネットワーク障害も発生,CareCloudは2026年3月16日に侵入を受け電子カルテ環境が侵害され患者医療記録が盗まれた。6つのEHR環境のうち1つが影響。影響人数やデータ種別は調査中。攻撃手法・帰属は不明。,daily-news/news/2026_04-06/20260401.md,https://www.bleepingcomputer.com/news/security/healthcare-tech-firm-carecloud-says-hackers-stole-patient-data/,high,false,maybe
2026-04_cisco_dev_env_trivy_breach,2026-04-01,2026-W14,2026-04,supply_chain,TrivyサプライチェーンでCiscoの開発環境が侵害・GitHubリポジトリ300超が複製される,Trivyサプライチェーン攻撃で盗まれた認証情報を悪用し攻撃者（TeamPCP関連）がCiscoの開発環境に侵入。悪性GitHub Actionプラグイン経由でAWSキーや開発認証情報を窃取しGitHubリポジトリ300超が複製。AI製品・未公開製品・顧客リポジトリも含まれる。,daily-news/news/2026_04-06/20260401.md,https://www.bleepingcomputer.com/news/security/cisco-source-code-stolen-in-trivy-linked-dev-environment-breach/,high,false,yes
2026-04_dutch_finance_ministry_breach,2026-04-01,2026-W14,2026-04,incident,オランダ財務省がサイバー攻撃を受け国庫バンキングポータルを停止・1600の公的機関が影響,"オランダ財務省は2026年3月19日検知のサイバー攻撃後3月23日に国庫バンキングポータルを停止。約1,600の公的機関がオンライン残高確認不能に。攻撃手法・帰属・情報流出は未公開。",daily-news/news/2026_04-06/20260401.md,https://www.bleepingcomputer.com/news/security/dutch-finance-ministry-takes-treasury-banking-portal-offline-after-breach/,high,false,maybe
2026-04_silver_fox_atlascross_rat,2026-04-01,2026-W14,2026-04,malware_campaign,Silver Foxがタイポスクワット配布サイト経由でAtlasCross RATを中国語話者に配布,Hexastrikeが中国系APT Silver Foxによる11個のタイポスクワット配布サイトを通じたAtlasCross RAT配布キャンペーンを報告。盗用EV署名付きインストーラーからメモリ上でRAT展開。WeChat注入・RDPセッション乗っ取り・スケジュールタスク永続化を実装。,daily-news/news/2026_04-06/20260401.md,https://hexastrike.com/resources/blog/threat-intelligence/trust-the-tunnel-get-the-trojan-silver-fox-delivers-atlascross-rat-via-weaponized-vpn-installers/,high,false,no
2026-04_valleyrat_jp_malspam_q1_2026,2026-04-01,2026-W14,2026-04,malware_campaign,ValleyRAT配布日本語ばらまきマルスパム・2026年Q1観測報告,伊藤忠C&IがQ1 2026に日本国内組織を標的にしたValleyRAT配布の日本語マルスパムを観測。GitHub等正規サービス悪用・攻撃者ドメイン・添付ファイルの3類型。国税庁偽装・多段リダイレクト・ISO/IMG内包など継続的に手口を変化。,daily-news/news/2026_04-06/20260404.md,https://blog.itochuci.co.jp/entry/2026/04/03/133000,high,false,maybe
2026-04_chrome_cve_2026_5281_zero_day,2026-04-02,2026-W14,2026-04,active_exploitation,Google Chrome CVE-2026-5281 WebGPU use-after-free・2026年4件目のゼロデイ悪用,GoogleがChromiumのWebGPU実装DawnのCVE-2026-5281（use-after-free）に対する緊急修正を公開。2026年4件目の実際の攻撃で悪用されたゼロデイ。攻撃詳細は非公開。修正版は146.0.7680.177/178。,daily-news/news/2026_04-06/20260402.md,https://www.bleepingcomputer.com/news/security/google-fixes-fourth-chrome-zero-day-exploited-in-attacks-in-2026/,high,false,yes
2026-04_claude_code_npm_source_leak,2026-04-02,2026-W14,2026-04,incident,AnthropicがnpmパッケージにClaude Codeの全ソースコードを誤公開・51万行超が露出,"Anthropicが人的ミスでClaude Code 2.1.88に60MBのsource mapをnpmで誤公開。約51万行・1,906ファイルが露出し未公開機能の手掛かりも含む。顧客データや認証情報の漏洩はなし。その後悪用されGitHub上でのマルウェア配布に利用された。",daily-news/news/2026_04-06/20260402.md,https://www.bleepingcomputer.com/news/artificial-intelligence/claude-code-source-code-accidentally-leaked-in-npm-package/,high,false,no
2026-04_eviltokens_device_code_phaas,2026-04-02,2026-W14,2026-04,cybercrime_trend,デバイスコードフィッシング特化PhaaS「EvilTokens」がTelegramで販売・Microsoftアカウント乗っ取りを助長,EvilTokensはTelegramで販売されるデバイスコードフィッシングPhaaS。PDF/HTML/DOCX添付メールからQRコード/リンク経由でAdobe/DocuSign偽ページへ誘導しMicrosoftのOAuth Device Authorization Grantを悪用してアクセストークンを奪取する。,daily-news/news/2026_04-06/20260402.md,https://www.bleepingcomputer.com/news/security/new-eviltokens-service-fuels-microsoft-device-code-phishing-attacks/,high,false,no
2026-04_gigabyte_gcc_cve_2026_4415,2026-04-02,2026-W14,2026-04,vulnerability_advisory,GIGABYTE Control Center CVE-2026-4415 任意ファイル書き込み（CVSS 9.2）・pairing機能が有効な環境で悪用可能,GIGABYTE Control Center 25.07.21.01以前のpairing機能が有効な環境でCVE-2026-4415が発見。未認証リモート攻撃者が任意パスへファイルを書き込めRCE・権限昇格・DoSのリスク。修正版25.12.10.01への即時更新が推奨。,daily-news/news/2026_04-06/20260402.md,https://www.bleepingcomputer.com/news/security/gigabyte-control-center-vulnerable-to-arbitrary-file-write-flaw/,high,true,no
2026-04_novoice_android_malware_play,2026-04-02,2026-W14,2026-04,malware_campaign,「NoVoice」AndroidマルウェアがGoogle Playで230万台に感染・rootkitで工場出荷リセット後も永続化,McAfeeがGoogle Playの50超のアプリに潜む新型AndroidマルウェアNoVoiceを発見。古いAndroid脆弱性でroot権限取得後rootkitを展開し工場出荷時リセット後も残存。WhatsApp・Signal・Google Driveバックアップのデータを窃取。,daily-news/news/2026_04-06/20260402.md,https://www.bleepingcomputer.com/news/security/novoice-android-malware-on-google-play-infected-23-million-devices/,high,false,yes
2026-04_shub_stealer_macos_malvertising,2026-04-02,2026-W14,2026-04,malware_campaign,Unit42がmacOS向けマルバタイジングのClickFix攻撃でSHub Stealerを配布するキャンペーンを確認,PaloAlto Unit42がmacOSを標的としたマルバタイジング経由のClickFix攻撃でSHub Stealerを配布するキャンペーンを確認。CIS環境では実行しないロジックを持ちAI生成系スクリプトの可能性あり。詳細IOCはUnit42レポートに記載。,daily-news/news/2026_04-06/20260402.md,https://github.com/PaloAltoNetworks/Unit42-timely-threat-intel/blob/main/2026-03-31-SHub-Stealer-Activity.txt,medium,true,no
2026-04_cisco_imc_cve_2026_20093,2026-04-03,2026-W14,2026-04,vulnerability_advisory,Cisco IMC CVE-2026-20093 重大認証回避・未認証攻撃者が管理者アクセスを取得可能,Cisco IMCの重大脆弱性CVE-2026-20093はパスワード変更処理の不備により未認証のリモート攻撃者が任意ユーザーのパスワードを変更し管理者アクセスを得られる。PoCは未確認だが回避策なし・即時パッチ適用が必要。,daily-news/news/2026_04-06/20260403.md,https://www.bleepingcomputer.com/news/security/critical-cisco-imc-auth-bypass-gives-attackers-admin-access/,high,false,no
2026-04_crystalrat_maas_rat,2026-04-03,2026-W14,2026-04,malware_campaign,新型MaaS「CrystalRAT」がTelegramで販売・RAT機能・情報窃取・キーログを搭載,KasperskyがTelegramで販売される新型MaaS「CrystalRAT」を確認。2026年1月登場のサブスクリプション型でRAT機能（VNC・コマンド実行）・情報窃取・キーログ・クリップボード乗っ取りを提供。アンチデバッグやVM検知など回避機能付きビルダーも付属。,daily-news/news/2026_04-06/20260403.md,https://www.bleepingcomputer.com/news/security/new-crystalrat-malware-adds-rat-stealer-and-prankware-features/,high,false,no
2026-04_drift_285m_dprk_hack,2026-04-03,2026-W14,2026-04,incident,Driftが2億8500万ドル窃取を北朝鮮の6カ月ソーシャルエンジニアリング作戦に帰属,Driftは2026年4月1日の2億8500万ドル窃取を北朝鮮系UNC4736（中程度の確度）による6カ月超の標的型ソーシャルエンジニアリング作戦と説明。共有リポジトリのVSCode tasks.json悪用またはApple TestFlight経由の2経路が疑われる。,daily-news/news/2026_04-06/20260403.md,https://thehackernews.com/2026/04/285-million-drift-hack-traced-to-six.html,medium,true,yes
2026-04_ios_darksword_exploit_kit,2026-04-03,2026-W14,2026-04,active_exploitation,DarkSword iOSエクスプロイトキットが複数脅威アクターに悪用・AppleがiOS 18.7.7を拡大配信,DarkSwordは2025年に修正開始の6件の欠陥を悪用する実攻撃用エクスプロイトキット。iOS 18.4〜18.7の端末を複数の脅威アクターが標的に。GhostBlade・GhostKnife・GhostSaberの3系統のマルウェアを投入。Appleは対象範囲を拡大してiOS 18.7.7を配布。,daily-news/news/2026_04-06/20260403.md,https://www.bleepingcomputer.com/news/security/apple-expands-ios-18-updates-to-more-iphones-to-block-darksword-attacks/,high,false,yes
2026-04_progress_sharefile_preauth_rce,2026-04-03,2026-W14,2026-04,vulnerability_advisory,Progress ShareFile CVE-2026-2699/2701 事前認証RCE連鎖・約3万台のSZCが露出,watchTowrがProgress ShareFile Storage Zones Controller 5.xで認証回避CVE-2026-2699とRCEのCVE-2026-2701の連鎖利用を発見。未認証でWebシェル設置が可能。公開SZCは約3万台。記事時点で悪用未確認だが即時更新を推奨。,daily-news/news/2026_04-06/20260403.md,https://www.bleepingcomputer.com/news/security/new-progress-sharefile-flaws-can-be-chained-in-pre-auth-rce-attacks/,high,false,maybe
2026-04_qilin_edr_killer_analysis,2026-04-03,2026-W14,2026-04,security_research,Cisco TalosがQilinランサムウェアのEDRキラー感染チェーンを詳細解析・300超のEDRドライバを無効化,Cisco TalosがQilinランサムウェア攻撃で使われた悪性DLL「msimg32.dll」に隠された多段階感染チェーンを分析。SEH/VEH難読化やsyscallでEDR回避後EDR killerが300超のEDRドライバ監視コールバックを解除。単一製品依存の限界を示す。,daily-news/news/2026_04-06/20260403.md,https://blog.talosintelligence.com/qilin-edr-killer/,high,false,maybe
2026-04_remcos_rat_multistage_phishing,2026-04-03,2026-W14,2026-04,malware_campaign,多段階・難読化型Remcos RAT感染チェーンを解析・LOLBinのaspnet_compiler.exeを悪用,Point Wildが業務文書を装うZIP添付フィッシングから始まる多段階Remcos RAT感染チェーンを解析。JSドロッパー→ENCRYPT.Ps1→ALTERNATE.dll（.NETリフレクション）→aspnet_compiler.exe LOLBinの流れでRemcos RATをC2(192[.]3[.]27[.]141:8087)と通信させる。,daily-news/news/2026_04-06/20260403.md,https://www.pointwild.com/threat-intelligence/from-inbox-to-intrusion-multi-stage-remcos-rat-and-c2-delivered-payloads-in-network/,high,false,no
2026-04_stryker_handala_wiper_attack,2026-04-03,2026-W14,2026-04,incident,イラン系Handalaが医療技術大手Strykerの8万台をワイプ・50TB窃取後3週間で全面復旧,イラン系ハクティビストHandalaがStrykerのWindowsドメイン管理者を侵害しGlobal Administrator作成後2026年3月11日に8万台の端末をワイプし50TBのデータを窃取。約3週間後に全製造ネットワークが全面復旧。,daily-news/news/2026_04-06/20260403.md,https://www.bleepingcomputer.com/news/security/medtech-giant-stryker-fully-operational-after-data-wiping-attack/,high,false,yes
2026-04_trueconf_cve_2026_3502_zero_day,2026-04-03,2026-W14,2026-04,active_exploitation,TrueConf CVE-2026-3502ゼロデイを悪用するTrueChaos作戦が東南アジア政府機関を標的,Check PointがTrueConf CVE-2026-3502（更新整合性確認不足）を悪用する「TrueChaos作戦」を報告。攻撃者がオンプレミスTrueConfサーバーを掌握し全クライアントへ悪性更新を配布。中国系脅威アクターと中程度の確度で評価。東南アジア政府機関が複数被害。,daily-news/news/2026_04-06/20260403.md,https://www.bleepingcomputer.com/news/security/hackers-exploit-trueconf-zero-day-to-push-malicious-software-updates/,high,false,yes
2026-04_claude_code_leak_infostealer,2026-04-04,2026-W14,2026-04,malware_campaign,Claude Codeソースコード漏洩を悪用した偽GitHubリポジトリでVidar/GhostSocksを配布,Anthropicのソースコード誤公開を悪用し攻撃者が偽GitHubリポジトリで「enterprise機能を解放」などと偽りVidar情報窃取マルウェアとGhostSocksを配布。ClaudeCode_x64.exeに偽装した7-ZipアーカイブがZscalerにより確認。,daily-news/news/2026_04-06/20260404.md,https://www.bleepingcomputer.com/news/security/claude-code-leak-used-to-push-infostealer-malware-on-github/,high,false,no
2026-04_die_linke_qilin_ransomware,2026-04-04,2026-W14,2026-04,incident,ドイツ政党Die LinkeがQilinランサムウェアによるデータ窃取を確認・党員DBは影響なし,Qilinランサムウェアが2026年3月26日にドイツ政党Die Linkeを侵害し党内部の機微情報と本部職員の個人情報を窃取。党員データベースは影響なし。ロシア語話者で金銭的・政治的動機を持つサイバー犯罪者と説明。,daily-news/news/2026_04-06/20260404.md,https://www.bleepingcomputer.com/news/security/die-linke-german-political-party-confirms-data-stolen-by-qilin-ransomware/,high,false,no
2026-04_hims_hers_shinyhunters_zendesk,2026-04-04,2026-W14,2026-04,incident,ShinyHuntersがOkta SSO経由でZendeskに侵入しHims & Hersのサポートチケットデータを窃取,ShinyHuntersがOkta SSOを経由してZendeskの顧客対応プラットフォームに侵入し2026年2月4〜7日にHims & Hersの顧客サポートチケット（氏名・連絡先等）を窃取。医療記録は含まれず。ShinyHuntersによる広範なデータ窃取活動の一部。,daily-news/news/2026_04-06/20260404.md,https://www.bleepingcomputer.com/news/security/hims-and-hers-warns-of-data-breach-after-zendesk-support-ticket-breach/,high,false,no
2026-04_kimsuky_lnk_python_backdoor,2026-04-04,2026-W14,2026-04,malware_campaign,KimsukyグループがLNKファイル配布手法を多段化しPythonバックドアへ誘導,ASECがKimsukyの悪性LNK配布手法の変化を確認。LNK→PowerShell→XML/VBS/PS1多段化でTaskScheduler経由にPythonバックドアを起動。DropboxをC2伝達に使用し45[.]95[.]186[.]232:8080へ接続して偵察・ファイル収集・コマンド実行を行う。,daily-news/news/2026_04-06/20260404.md,https://asec.ahnlab.com/en/93151/,high,false,no
2026-04_rhyne_insider_windows_extortion,2026-04-04,2026-W14,2026-04,incident,"元コアインフラエンジニアが職場ネットワークに再侵入し3,000台超のWindowsデバイスをロックして有罪認定","元コアインフラエンジニアのDaniel Rhyneが2023年11月に勤務先ネットワークへ再侵入しドメイン管理者13件・一般ユーザー301件のパスワードを変更。3,284台の端末と254台のサーバーに影響。20ビットコインを要求する恐喝メールを送信し2026年に有罪。",daily-news/news/2026_04-06/20260404.md,https://www.bleepingcomputer.com/news/security/man-admits-to-extortion-plot-locking-coworkers-out-of-thousands-of-windows-devices/,high,false,no
2026-04_ta416_eu_government_espionage,2026-04-04,2026-W14,2026-04,security_research,ProofpointレポートTA416が2025年半ばからEU/NATO外交機関へのスパイ活動を再開・PlugX展開,Proofpointが中国系TA416による2025年半ばからのEU政府・外交組織への標的攻撃再開を報告。偽Cloudflare Turnstile・Microsoft Entra OAuthリダイレクト・MSBuild等を段階的に使い分け最終的に改変PlugXを展開。2026年3月には中東の外交機関にも拡大。,daily-news/news/2026_04-06/20260404.md,https://www.proofpoint.com/us/blog/threat-insight/id-come-running-back-eu-again-ta416-resumes-european-government-espionage,high,false,yes
2026-04_venom_stealer_clickfix_maas,2026-04-04,2026-W14,2026-04,malware_campaign,「Venom Stealer」MaaSがClickFixを認証情報継続窃取パイプラインへ変える,BlackFogが新型MaaS「Venom Stealer」を確認。ClickFix偽CAPTCHAから被害者にコマンドを実行させChromium/Firefox認証情報・Cookie・暗号資産ウォレットを即時窃取。Chrome Login Dataの継続監視で新規保存認証情報も継続回収する。,daily-news/news/2026_04-06/20260404.md,https://www.blackfog.com/venom-stealer-turns-clickfix-into-a-full-exfiltration-pipeline/,high,false,no
2026-04_device_code_phishing_surge,2026-04-06,2026-W15,2026-04,cybercrime_trend,デバイスコードフィッシング攻撃が37.5倍に急増し複数キットが拡散,OAuth Device Authorization Grantを悪用するデバイスコードフィッシングが2026年に37.5倍急増。EvilTokensをはじめ11種以上のキットが低技能攻撃者にも提供。国家系・金銭目的の双方のアクターが利用。,daily-news/news/2026_04-06/20260406.md,https://www.bleepingcomputer.com/news/security/device-code-phishing-attacks-surge-37x-as-new-kits-spread-online/,high,false,yes
2026-04_dprk_malware_modularity_research,2026-04-06,2026-W15,2026-04,security_research,北朝鮮サイバー活動のマルウェアモジュール化と機能分業を分析したレポート,DomainToolsが北朝鮮サイバー活動を任務別分業（Kimsuky:諜報、Lazarus:金銭、Andariel:破壊）の統制下マルウェア生態系として分析。マルウェアを消耗品として扱いシグネチャ偏重の防御を突破する点を説明。,daily-news/news/2026_04-06/20260406.md,https://dti.domaintools.com/research/dprk-malware-modularity-diversity-and-functional-specialization,high,false,no
2026-04_malicious_npm_strapi_redis_pg,2026-04-06,2026-W15,2026-04,supply_chain,Strapi CMSプラグインを装う36個の悪意あるnpmパッケージがRedis/PostgreSQL悪用と認証情報窃取,SafeDepがStrapi CMSプラグインを偽装する36個の悪意あるnpmパッケージを発見。postinstallフックでRedis RCE・Docker escape・PostgreSQL不正接続・資格情報窃取・永続化を実行。暗号資産プラットフォームを標的にした可能性。,daily-news/news/2026_04-06/20260406.md,https://thehackernews.com/2026/04/36-malicious-npm-packages-exploited.html,high,false,maybe
2026-04_traffic_violation_qr_phishing,2026-04-06,2026-W15,2026-04,cybercrime_trend,交通違反詐欺がQRコードフィッシングSMSに移行,米国各州の裁判所を装う詐欺師がQRコード埋め込み画像で偽DMVサイトへ誘導し個人情報・クレカ情報を窃取。CAPTCHA付き中継サイトを経由し検知回避を図る。,daily-news/news/2026_04-06/20260406.md,https://www.bleepingcomputer.com/news/security/traffic-violation-scams-switch-to-qr-codes-in-new-phishing-texts/,high,false,no
2026-04_bluehammer_windows_zero_day,2026-04-07,2026-W15,2026-04,active_exploitation,BlueHammer WindowsローカルLPEゼロデイのPoCが公開・未修正,Chaotic Eclipse研究者がMSRCの開示対応に不満を示しWindows権限昇格ゼロデイBlueHammer（TOCTOU+パス混同）のPoCをGitHubに公開。2026-04-10以降にHuntressが実際の攻撃でSYSTEM権限取得への悪用を確認。CVE-2026-33825として2026年4月Patch Tuesdayで修正済み。侵害済みSSLVPN端末でRedSun・UnDefendとの組み合わせ使用も確認。,daily-news/news/2026_04-06/20260407.md,https://www.bleepingcomputer.com/news/security/recently-leaked-windows-zero-days-now-exploited-in-attacks/,high,false,yes
2026-04_dprk_lnk_github_c2,2026-04-07,2026-W15,2026-04,malware_campaign,北朝鮮関連グループがLNKファイルとGitHub C2を使い韓国企業を標的,FortiGuard Labsが韓国企業を狙うLNKファイル群を確認。GitHub C2を悪用する多段階攻撃でScheduled Taskによる30分周期永続化・OS情報収集を実施。北朝鮮国家支援グループの特徴を持つ。,daily-news/news/2026_04-06/20260407.md,https://www.fortinet.com/blog/threat-research/dprk-related-campaigns-with-lnk-and-github-c2,high,false,no
2026-04_fortinet_ems_cve_2026_35616,2026-04-07,2026-W15,2026-04,active_exploitation,FortiClient EMS CVE-2026-35616 認証前APIバイパスRCEがゼロデイ悪用・CISA KEV追加,FortiClient Enterprise Management ServerのCVE-2026-35616が認証前APIバイパスによるRCEとしてゼロデイ攻撃で悪用。CISAが2026-04-06にKEVへ追加し連邦機関に2026-04-09までの修正を命令。公開インスタンス約2000件を確認。,daily-news/news/2026_04-06/20260407.md,https://www.bleepingcomputer.com/news/security/cisa-orders-feds-to-patch-fortinet-flaw-exploited-in-attacks-by-friday/,high,false,yes
2026-04_storm1175_medusa_zeroday_chain,2026-04-07,2026-W15,2026-04,active_exploitation,中国系Storm-1175がMedusaランサムウェア展開のためゼロデイを高速悪用,中国拠点の金銭目的グループStorm-1175がGoAnywhere MFT CVE-2025-10035等を修正前から悪用しSmarterMail CVE-2026-23760など10製品超を連鎖利用。初期侵入から24時間以内に暗号化まで進む高速展開でMedusaランサムウェアを投下。,daily-news/news/2026_04-06/20260407.md,https://www.bleepingcomputer.com/news/security/microsoft-links-medusa-ransomware-affiliate-to-zero-day-attacks/,high,false,yes
2026-04_flowise_cve_2025_59528_rce,2026-04-08,2026-W15,2026-04,active_exploitation,Flowise CVE-2025-59528 最大深刻度RCEが実際の攻撃で悪用開始,FlowiseのCVE-2025-59528（CustomMCPノードの任意JS実行）が実際の攻撃で悪用開始。VulnCheckがCanaryネットワークで初の悪用を検知。公開インスタンス12000〜15000台が対象。Flowise 3.1.1に更新が必要。,daily-news/news/2026_04-06/20260408.md,https://www.bleepingcomputer.com/news/security/max-severity-flowise-rce-vulnerability-now-exploited-in-attacks/,high,false,yes
2026-04_frostarmada_dns_hijack_m365,2026-04-08,2026-W15,2026-04,incident,APT28のFrostArmadaがSOHOルーターDNS乗っ取りでM365認証情報を窃取・当局が妨害,APT28（ロシアGRU第26165部隊）がMikroTik/TP-Linkルーター等のDNS設定を書き換えてAiTMプロキシ経由でMicrosoft 365認証情報とOAuthトークンを収集するFrostArmada作戦。120か国18000台に感染。Microsoft等連携で停止。,daily-news/news/2026_04-06/20260408.md,https://www.bleepingcomputer.com/news/security/authorities-disrupt-dns-hijacks-used-to-steal-microsoft-365-logins/,high,false,yes
2026-04_gpubreach_gpu_rowhammer,2026-04-08,2026-W15,2026-04,security_research,GPUBreachがGDDR6 GPU Rowhammerによる権限昇格を実証,トロント大がNVIDIA RTX A6000でGDDR6 GPU Rowhammerを起こしGPUページテーブル破壊とNVIDIAドライバー欠陥連鎖によりroot shell取得に至るGPUBreach攻撃を公開。IOMUMでも防御不能。,daily-news/news/2026_04-06/20260408.md,https://www.bleepingcomputer.com/news/security/new-gpubreach-attack-enables-system-takeover-via-gpu-rowhammer/,high,false,no
2026-04_iran_ics_plc_attacks,2026-04-08,2026-W15,2026-04,active_exploitation,イラン系ハッカーが米重要インフラのRockwell/Allen-Bradley製PLCを標的・米国内約3891台が露出,FBI/CISA/NSAがインターネット公開中のRockwell/Allen-Bradley製PLCを狙うイラン系国家支援攻撃について合同警告。2026年3月以降に運用妨害と金銭的損失が発生。Censysは米国内で3891台を確認。,daily-news/news/2026_04-06/20260408.md,https://www.bleepingcomputer.com/news/security/us-warns-of-iranian-hackers-targeting-critical-infrastructure/,high,false,yes
2026-04_openai_codex_cmd_injection,2026-04-08,2026-W15,2026-04,vulnerability_advisory,OpenAI CodexのブランチパラメータCMDインジェクションでGitHubトークン窃取が可能,BeyondTrustがOpenAI CodexのbranchパラメータCMDインジェクションによりGitHubユーザーアクセストークン窃取・横展開が可能と報告。Codex Web/CLI/SDK/IDE拡張すべてで再現可。悪性ブランチ名で複数ユーザーのトークン自動流出も可能。,daily-news/news/2026_04-06/20260408.md,https://www.beyondtrust.com/blog/entry/openai-codex-command-injection-vulnerability-github-token,high,false,yes
2026-04_revil_gandcrab_bosses_identified,2026-04-08,2026-W15,2026-04,incident,ドイツBKAがREvil/GandCrabランサムウェア首謀者2名を特定,ドイツBKAがGandCrab/REvil運営のShchukin（UNKN）とKravchukを特定。ドイツ国内だけで130件の恐喝・25人から220万ドル徴収。総被害は4000万ドル超。両名はロシア在住の疑いでEU Most Wantedに掲載。,daily-news/news/2026_04-06/20260408.md,https://www.bleepingcomputer.com/news/security/german-authorities-identify-revil-and-gangcrab-ransomware-bosses/,high,false,no
2026-04_snowflake_saas_breach_shinyhunters,2026-04-08,2026-W15,2026-04,incident,SaaS連携事業者侵害でSnowflake顧客12社超がShinyHuntersによるデータ窃取被害,Anodotのセキュリティ事故から始まった認証トークン窃取でSnowflake顧客12社超がデータ窃取攻撃に遭いShinyHuntersが関与を認め数十社分のデータ窃取を主張。Salesforceへの攻撃はAI検知で阻止された。,daily-news/news/2026_04-06/20260408.md,https://www.bleepingcomputer.com/news/security/snowflake-customers-hit-in-data-theft-attacks-after-saas-integrator-breach/,high,false,yes
2026-04_activemq_cve_2026_34197_rce,2026-04-09,2026-W15,2026-04,active_exploitation,Apache ActiveMQ CVE-2026-34197 Jolokia経由13年物RCE（CVSS 8.8）が修正済み,Apache ActiveMQ ClassicにCVSS 8.8のRCE脆弱性CVE-2026-34197が発見。Jolokia管理APIのaddNetworkConnectorで外部Spring XMLを読み込ませ任意コマンド実行。6.2.3/5.19.4で修正済み。2026-04-17にCISAがKEVカタログへ追加し連邦機関に2026-04-30までの対処を命令。インターネット公開サーバー7500台超が露出。,daily-news/news/2026_04-06/20260409.md,https://www.bleepingcomputer.com/news/security/cisa-flags-apache-activemq-flaw-as-actively-exploited-in-attacks/,high,false,yes
2026-04_canis_c2_japan_surveillance,2026-04-09,2026-W15,2026-04,malware_campaign,日本語話者を標的とする未知のCanis C2クロスプラットフォーム監視フレームワークが判明,Hunt.ioがAndroid/iOS/Windows/Linux/macOSを狙うCanis C2を公開。Paidy/Pay-easy偽請求ページから悪性APK・プロファイルをインストールさせGPS・音声・映像・認証情報を収集。日本語話者が標的。,daily-news/news/2026_04-06/20260409.md,https://hunt.io/blog/canis-c2-exposed-cross-platform-surveillance-framework-japan,high,false,yes
2026-04_claude_mythos_cybersec_eval,2026-04-09,2026-W15,2026-04,security_research,AnthropicのClaude Mythos PreviewがOSやブラウザのゼロデイ発見・悪用に高い能力を示す評価結果を公開,AnthropicがClaude Mythos PreviewによるOpenBSD/FreeBSD NFS/FFmpegなどのゼロデイ発見とPoC作成能力を公表。99%超は未修正のため詳細は非公開。防御側への早期AI活用を訴える。,daily-news/news/2026_04-06/20260409.md,https://red.anthropic.com/2026/mythos-preview/,high,false,yes
2026-04_dprk_contagious_interview_5ecosystems,2026-04-09,2026-W15,2026-04,supply_chain,北朝鮮Contagious Interviewが5エコシステム（npm/PyPI/Go/Rust/PHP）に悪性パッケージを拡大,Socketが北朝鮮系Contagious Interviewによるnpm・PyPI・Go Modules・Rust・PHPにまたがる悪性パッケージ群を確認。資格情報・暗号資産ウォレット・ブラウザデータ窃取とRAT展開が目的。,daily-news/news/2026_04-06/20260409.md,https://socket.dev/blog/contagious-interview-campaign-spreads-across-5-ecosystems,high,false,yes
2026-04_fbi_cybercrime_2025_report,2026-04-09,2026-W15,2026-04,security_research,FBI 2025年サイバー犯罪被害が過去最高の約210億ドル・投資詐欺が49%を占める,FBI IC3報告書で2025年のサイバー犯罪被害は約210億ドル（前年比26%増）・100万件超の苦情。投資詐欺が86億ドルで49%占有。AI関連詐欺が初集計で8億9300万ドル。60歳超の被害が最大。,daily-news/news/2026_04-06/20260409.md,https://www.bleepingcomputer.com/news/security/fbi-americans-lost-a-record-21-billion-to-cybercrime-last-year/,high,false,yes
2026-04_ivanti_epmm_cve_2026_1340,2026-04-09,2026-W15,2026-04,active_exploitation,Ivanti EPMM CVE-2026-1340 未認証RCEがゼロデイ悪用・CISA KEV追加,Ivanti Endpoint Manager MobileのCVE-2026-1340（権限不要のコードインジェクション・認証不要RCE）がゼロデイとして悪用。CISAが2026-04-08にKEV追加し連邦機関に2026-04-11までの修正を命令。公開インスタンス約950件。,daily-news/news/2026_04-06/20260409.md,https://www.bleepingcomputer.com/news/security/cisa-orders-feds-to-patch-exploited-ivanti-epmm-flaw-by-sunday/,high,false,yes
2026-04_macos_clickfix_atomic_stealer,2026-04-09,2026-W15,2026-04,malware_campaign,macOS ClickFix新変種がAppleScript経由でAtomic Stealer(AMOS)を配布,Jamfが偽Apple風ディスク容量回復ガイドでScript Editorを悪用するClickFix新変種を確認。curl|zshでAMOS（Atomic Stealer）を実行しKeychain・ブラウザ・暗号資産ウォレット情報を窃取。macOSのTerminal警告を迂回。,daily-news/news/2026_04-06/20260409.md,https://www.bleepingcomputer.com/news/security/new-macos-stealer-campaign-uses-script-editor-in-clickfix-attack/,high,false,no
2026-04_magento_svg_skimmer,2026-04-09,2026-W15,2026-04,active_exploitation,Magentoの100店舗超が1x1px SVGに隠したクレカ窃取skimmerの被害に,Sansecが1x1ピクセルSVGのonload属性にbase64スクリプトを隠したMagentoクレカ窃取攻撃を確認。PolyShell脆弱性悪用で侵入し偽Secure Checkoutオーバーレイで情報収集。本番版Magentoは未修正。,daily-news/news/2026_04-06/20260409.md,https://www.bleepingcomputer.com/news/security/hackers-use-pixel-large-svg-trick-to-hide-credit-card-stealer/,high,false,yes
2026-04_ninja_forms_cve_2026_0740,2026-04-09,2026-W15,2026-04,active_exploitation,Ninja Forms File Upload CVE-2026-0740 認証不要任意ファイルアップロードが実際の攻撃で悪用,WordPress向けNinja Forms File Upload拡張のCVE-2026-0740（認証不要任意ファイルアップロード）が実際の攻撃で悪用。Wordfenceが24時間で3600件超の攻撃を遮断。RCE・Webシェル設置・サイト乗っ取りに至り得る。3.3.27で修正済み。,daily-news/news/2026_04-06/20260409.md,https://www.bleepingcomputer.com/news/security/hackers-exploit-critical-flaw-in-ninja-forms-wordpress-plugin/,high,false,yes
2026-04_unc6783_zendesk_bpo_theft,2026-04-09,2026-W15,2026-04,cybercrime_trend,UNC6783がBPO事業者経由でZendeskサポートチケットを窃取し高価値企業を恐喝,Google TIGがBPO事業者を侵害して大企業Zendeskへ間接侵入しデータ窃取・恐喝するUNC6783を報告。Okta偽ログインページやリモートアクセスマルウェアを使用。Adobeを担当するBPOから1300万件窃取を主張。,daily-news/news/2026_04-06/20260409.md,https://www.bleepingcomputer.com/news/security/google-new-unc6783-hackers-steal-corporate-zendesk-support-tickets/,high,false,yes
2026-04_acrobat_reader_zero_day_exploitation,2026-04-10,2026-W15,2026-04,active_exploitation,Adobe Readerゼロデイが少なくとも2025年12月から悪用中・ロシア語石油ガス業界文書を使用,攻撃者が2025年12月以降未修正のAdobe ReaderゼロデイをロシアPDF経由で悪用。util.readFileIntoStreamでの情報窃取とRCE・サンドボックス回避に発展し得る。攻撃者帰属は不明だがロシア語・石油ガス業界文書を使用。2026-04-14にAdobeが緊急パッチを公開しCVE-2026-34621を修正済み。,daily-news/news/2026_04-06/20260410.md,https://www.bleepingcomputer.com/news/security/hackers-exploiting-acrobat-reader-zero-day-flaw-since-december/,high,true,yes
2026-04_bitcoin_depot_crypto_theft,2026-04-10,2026-W15,2026-04,incident,Bitcoin Depot暗号資産ATM大手がハッキングで約366万ドル（50.9BTC）を窃取される,Bitcoin Depotが2026年3月23日に侵害を発見し管理ウォレットから50.903 BTC（約366万ドル）が不正送金されたと開示。攻撃者は決済口座の認証情報を盗んで送金。顧客向けシステムへの影響はなし。,daily-news/news/2026_04-06/20260410.md,https://www.bleepingcomputer.com/news/security/crypto-atm-giant-bitcoin-depot-says-hackers-stole-36-million-from-its-wallets/,high,false,no
2026-04_chipsoft_ransomware,2026-04-10,2026-W15,2026-04,incident,オランダ医療ITのChipSoftがランサムウェア攻撃でHiX関連サービスを停止,オランダの電子カルテ基盤HiX提供企業ChipSoftがランサムウェア攻撃を受けZorgportaal・HiX Mobile・Zorgplatformを停止。複数病院で障害発生。攻撃者・データ流出有無は未確認。,daily-news/news/2026_04-06/20260410.md,https://www.bleepingcomputer.com/news/security/healthcare-it-solutions-provider-chipsoft-hit-by-ransomware-attack/,high,false,yes
2026-04_dprk_weak_password_infra_research,2026-04-10,2026-W15,2026-04,security_research,北朝鮮下位層ハッカーの内部送金基盤が弱パスワードで保護されていたと判明,CybernewsがDPRK下位層ハッカー集団の内部送金プラットフォームが「123456」等の弱パスワードで保護されていたと報告。ZachXBTが流出データから390アカウント・月間100万ドル規模の資金処理を確認。制裁対象企業名も含まれる。,daily-news/news/2026_04-06/20260410.md,https://cybernews.com/security/north-korean-hackers-123456-passwords-easy-targets/,medium,false,no
2026-04_eurail_dec_data_breach,2026-04-10,2026-W15,2026-04,incident,Eurailが2025年12月のデータ侵害で30万8777人の個人情報（パスポート・IBAN等）が流出と発表,Eurailが2025年12月26日の侵害で308777人の氏名・パスポート情報・ID・IBAN・健康情報・連絡先に無権限アクセスがあったと発表。盗まれたデータの一部がTelegramやダークウェブに掲載されていた。,daily-news/news/2026_04-06/20260410.md,https://www.bleepingcomputer.com/news/security/eurail-says-december-data-breach-impacts-300-000-individuals/,high,false,no
2026-04_japanese_malspam_sideloading_0410,2026-04-10,2026-W15,2026-04,malware_campaign,日本語マルスパム: 電子請求書を装うZIP内EXEとlibcef.dllサイドローディング,日本語ターゲットのマルスパムが確認された。件名「電子請求書発行のお知らせ」でZIP内のEXEファイルとlibcef.dllを使ったDLLサイドローディング手法を利用。C2: 154.211.86[.]110。,daily-news/news/2026_04-06/20260410.md,https://x.com/bomccss/status/2042112526243262965,medium,true,no
2026-04_lucidrook_taiwan_targets,2026-04-10,2026-W15,2026-04,malware_campaign,Cisco TalosがLua+Rust製マルウェアLucidRookによる台湾NGO・大学への標的型攻撃を確認,Cisco TalosがLNK/EXE型スピアフィッシングで台湾のNGOと大学を狙うLua 5.4.8ベースのLucidRookを確認。DLLサイドロードでFTP C2から段階的Luaバイトコードを実行。zh-TW/zh-HK環境のみで動作。,daily-news/news/2026_04-06/20260410.md,https://blog.talosintelligence.com/new-lua-based-malware-lucidrook/,high,false,yes
2026-04_remcos_rat_google_storage_phishing,2026-04-10,2026-W15,2026-04,malware_campaign,Google Cloud Storage経由の新フィッシング攻撃がRemcos RATを配布,攻撃者がgoogleapis.com上に偽Google Drive共有画面を設置しリダイレクト後にVBScript/PowerShellドロッパーでRemcos RATを配布。正規プロセスへのhollowingで実行しレジストリ永続化。,daily-news/news/2026_04-06/20260410.md,https://cybersecuritynews.com/new-phishing-attack-via-google-storage/,high,false,no
2026-04_cpuid_supply_chain_attack,2026-04-11,2026-W15,2026-04,supply_chain,CPUIDのAPIが侵害されCPU-Z/HWMonitorの公式ダウンロードリンクから約6時間マルウェアが配布,攻撃者がCPUIDのプロジェクトAPIに侵入し公式ポータルのダウンロードリンクをCloudflare R2上のトロイの木馬化された実行ファイルに差し替え。2026年4月9日〜10日の約6時間で配布。多段階メモリ内マルウェアを使用。,daily-news/news/2026_04-06/20260411.md,https://www.bleepingcomputer.com/news/security/supply-chain-attack-at-cpuid-pushes-malware-with-cpu-z-hwmonitor/,high,false,yes
2026-04_glassworm_zig_ide_dropper,2026-04-11,2026-W15,2026-04,malware_campaign,GlassWormがZig製ネイティブバイナリで全VS Code系IDE横展開・秘密情報窃取,AikidoがOpenVSX上の偽WakaTime拡張（code-wakatime-activity-tracker）内のZig製ネイティブバイナリによりVSCode/Cursor/Windsurf等全IDEに横展開するGlassWorm新手口を確認。ロシア圏を除外しつつRAT展開・秘密情報窃取を実行。,daily-news/news/2026_04-06/20260411.md,https://www.aikido.dev/blog/glassworm-zig-dropper-infects-every-ide-on-your-machine,high,false,yes
2026-04_smart_slider_3_pro_backdoor,2026-04-11,2026-W15,2026-04,supply_chain,NextendサーバーへのSmart Slider 3 Pro更新基盤侵害でバックドア入り版3.5.1.35が約6時間配布,Nextend更新基盤が侵害されSmart Slider 3 Pro悪性版3.5.1.35が約6時間配布。RCE・任意PHP実行・OSコマンド実行・隠し管理者作成・wpjs1[.]comへの情報送信機能を持つ。3.5.1.36で修正済み。,daily-news/news/2026_04-06/20260411.md,https://thehackernews.com/2026/04/backdoored-smart-slider-3-pro-update.html,high,false,yes
2026-04_storm2755_payroll_pirate,2026-04-11,2026-W15,2026-04,cybercrime_trend,Storm-2755がAiTMフィッシングでカナダ従業員アカウントを乗っ取り給与振込先を横領,MicrosoftがStorm-2755による「Payroll Pirate」攻撃を報告。検索広告/SEO汚染でAiTMフィッシングサイトへ誘導しM365セッションCookieを盗む。MFA回避後にメールルール作成・HR担当へ直接預金変更要求またはWorkday不正アクセス。,daily-news/news/2026_04-06/20260411.md,https://www.bleepingcomputer.com/news/microsoft/microsoft-canadian-employees-targeted-in-payroll-pirate-attacks/,high,false,yes
2026-04_venom_phaas_exec_phishing,2026-04-11,2026-W15,2026-04,cybercrime_trend,VENOMフィッシング攻撃が幹部アカウントをAiTM+デバイスコード双方で標的,未文書化の閉鎖型PhaaS「VENOM」を使う攻撃者が2025年11月以降C-suite幹部を標的にSharePoint通知風メールとQRコードでフィッシングを実施。AiTMページとデバイスコード承認の双方で永続アクセスを確立。,daily-news/news/2026_04-06/20260411.md,https://www.bleepingcomputer.com/news/security/new-venom-phishing-attacks-steal-senior-executives-microsoft-logins/,high,false,yes
2026-04_marimo_cve_2026_39987_rce,2026-04-13,2026-W16,2026-04,active_exploitation,Marimo CVE-2026-39987 認証前RCEがゼロデイとして悪用・NKAbuseマルウェアの展開にも利用,Marimoの重大なpre-auth RCE脆弱性CVE-2026-39987（/terminal/ws WebSocket認証不備）が公開から10時間以内に悪用開始。クラウド認証情報窃取・環境偵察に使われSysdigはNKAbuseマルウェアのHugging Face経由展開への悪用も報告した。Marimo 0.23.0で修正済み。,daily-news/news/2026_04-06/20260413.md,https://www.bleepingcomputer.com/news/security/critical-marimo-pre-auth-rce-flaw-now-under-active-exploitation/,high,false,yes
2026-04_operation_atlantic_crypto_fraud,2026-04-13,2026-W16,2026-04,cybercrime_trend,Operation Atlanticが暗号資産Approval Phishing詐欺で2万人超の被害者を特定・1200万ドル凍結,NCA主導のOperation Atlanticがカナダ・英・米で2万人超の暗号資産詐欺被害者を特定し1200万ドル超を凍結。Approval Phishingでウォレット承認権を奪う詐欺手法と4500万ドル超の盗難暗号資産も特定された。,daily-news/news/2026_04-06/20260413.md,https://www.bleepingcomputer.com/news/security/police-identifies-20-000-victims-in-international-crypto-fraud-crackdown/,high,false,no
2026-04_apt41_winnti_elf_cloud_harvester,2026-04-14,2026-W16,2026-04,malware_campaign,APT41（Winnti）がクラウド向けELFバックドアでAWS/GCP/Azure/Alibaba Cloudの認証情報を窃取,Breakglass IntelligenceがAPT41（Winnti）のLinuxクラウドワークロード向けELFバックドアを報告。SMTP 25/tcpを秘匿C2に使いクラウド認証情報とメタデータを収集。Alibaba/Qianxinを装うタイポスクワットドメインが1月に登録。PWLN2020から続く6年間のWinnti ELF系譜の最新版。,daily-news/news/2026_04-06/20260414.md,https://intel.breakglass.tech/post/apt41-winnti-elf-cloud-credential-harvester-alibaba-typosquat,high,false,yes
2026-04_booking_com_data_breach,2026-04-14,2026-W16,2026-04,incident,Booking.comが第三者による一部予約情報への不正アクセスを公表・予約PIN強制リセット,Booking.comが第三者による一部予約情報へのアクセスを認め氏名・メール・住所・電話番号・宿泊施設とのやり取り内容が露出した可能性がある。既存・過去予約のPINが更新された。影響人数未公表。侵害データを悪用した詐欺も報告されている。,daily-news/news/2026_04-06/20260414.md,https://www.bleepingcomputer.com/news/security/new-bookingcom-data-breach-forces-reservation-pin-resets/,high,false,no
2026-04_fake_claude_plugx_malware,2026-04-14,2026-W16,2026-04,malware_campaign,偽ClaudeサイトがMSI経由でPlugX（DLLサイドローディング）を配布し遠隔操作を確立,Malwarebytesが偽AnthropicサイトからZIP/MSI経由でPlugX系マルウェアを配布するキャンペーンを確認。署名済みG DATA更新ツールを使うDLLサイドローディングでNOVUpdate.exeを常駐させ22秒で8[.]217[.]190[.]58:443へのC2コールバックを確認。,daily-news/news/2026_04-06/20260414.md,https://www.malwarebytes.com/blog/scams/2026/04/fake-claude-site-installs-malware-that-gives-attackers-access-to-your-computer,high,false,no
2026-04_openai_macos_cert_rotation_axios,2026-04-14,2026-W16,2026-04,incident,Axios npmサプライチェーン攻撃がOpenAIのmacOSコード署名ワークフローに影響・証明書をローテーション,OpenAIは2026-03-31に悪性Axios 1.14.1がGitHub Actionsワークフローで実行されたことを受けmacOS用コード署名証明書のローテーションを開始。ChatGPT Desktop等のmacOSアプリ署名証明書へのアクセスが可能だった。証明書流出や悪用の証拠は未確認。攻撃者は北朝鮮系UNC1069と結び付けられている。,daily-news/news/2026_04-06/20260414.md,https://www.bleepingcomputer.com/news/security/openai-rotates-macos-certs-after-axios-attack-hit-code-signing-workflow/,high,false,maybe
2026-04_rockstar_shinyhunters_data_leak,2026-04-14,2026-W16,2026-04,incident,ShinyHuntersがAnodot/Snowflake経由でRockstar Gamesの内部分析データ7860万件超を漏洩,ShinyHuntersがAnodotのセキュリティ事故で盗んだSnowflake認証トークンを使いRockstarのデータを窃取し恐喝サイトで公開。7860万件超の内部分析データ・Zendeskサポート分析等が含まれるとされる。,daily-news/news/2026_04-06/20260414.md,https://www.bleepingcomputer.com/news/security/stolen-rockstar-games-analytics-data-leaked-by-extortion-gang/,high,false,no
2026-04_w3ll_phishing_takedown,2026-04-14,2026-W16,2026-04,incident,FBIがAiTMフィッシングサービスW3LLを摘発・開発者を逮捕し2.5万件超の侵害アカウント販売インフラを停止,FBIとインドネシア当局がAiTM型フィッシングサービスW3LLのインフラを押収し開発者を逮捕。2019-2023年に2.5万件超の侵害M365アカウントが販売され2000万ドル超の不正が試みられた。BEC攻撃のフルサービス基盤だった。,daily-news/news/2026_04-06/20260414.md,https://www.bleepingcomputer.com/news/security/fbi-takedown-of-w3ll-phishing-service-leads-to-developer-arrest/,high,false,no
2026-04_wolfssl_cve_2026_5194,2026-04-14,2026-W16,2026-04,vulnerability_advisory,wolfSSL CVE-2026-5194 ECDSA署名検証不備で偽造証明書が通る重大欠陥（50億超デバイス影響）,wolfSSLにCVSS重大脆弱性CVE-2026-5194が発見。ECDSA署名検証でハッシュアルゴリズムとサイズ確認が不十分なため偽造証明書を受理する可能性がある。IoT・組み込み・産業制御・自動車など50億超機器に使われるライブラリに影響。2026-04-08公開のwolfSSL 5.9.1で修正済み。,daily-news/news/2026_04-06/20260414.md,https://www.bleepingcomputer.com/news/security/critical-flaw-in-wolfssl-library-enables-forged-certificate-use/,high,false,maybe
2026-04_108_chrome_extensions_c2,2026-04-15,2026-W16,2026-04,malware_campaign,共有C2 cloudapi.streamに接続する108件のChrome拡張がOAuthトークンとTelegramセッションを窃取,SocketがcloudapiStreamに接続する108件の悪性Chrome拡張を特定。Google OAuthで取得した身元情報・Telegramセッション（15秒ごと送信）・広告挿入・innerHTML注入・任意HTML展開を実施。合計約2万件の導入があった。,daily-news/news/2026_04-06/20260415.md,https://socket.dev/blog/108-chrome-ext-linked-to-data-exfil-session-theft-shared-c2,high,false,yes
2026-04_basic_fit_data_breach,2026-04-15,2026-W16,2026-04,incident,フィットネス大手Basic-Fitが約100万人の会員情報（氏名・住所・IBAN等）への不正アクセスを発表,Basic-Fitが約100万人分の氏名・住所・メール・電話番号・生年月日・銀行口座情報・その他会員情報への不正アクセスを確認。本人確認書類とパスワードは対象外。発見後数分以内に停止したとされる。,daily-news/news/2026_04-06/20260415.md,https://www.bleepingcomputer.com/news/security/european-gym-giant-basic-fit-data-breach-affects-1-million-members/,high,false,no
2026-04_bitter_prosspy_mena_spyware,2026-04-15,2026-W16,2026-04,malware_campaign,BITTER APT関連ハック・フォー・ハイヤーが中東市民社会をProSpyスパイウェアで標的,LookoutがBITTER APT関連の2022年以降継続するハック・フォー・ハイヤー作戦を報告。SNS偽装スピアフィッシングとProSpy Androidスパイウェア（Signal/ToTok/Botim偽装）で中東・北アフリカの市民社会関係者を標的。連絡先・SMS・文書・音声・動画を収集。,daily-news/news/2026_04-06/20260415.md,https://www.lookout.com/threat-intelligence/article/bitter-hack-for-hire,high,false,yes
2026-04_black_basta_exec_vishing,2026-04-15,2026-W16,2026-04,cybercrime_trend,元Black Bastaアフィリエイトがメール爆撃+Teams偽ヘルプデスクで幹部層侵入を自動化,ReliaQuestが旧Black BastaアフィリエイトによるVishing攻撃の自動化を報告。幹部の77%を標的にメール爆撃後にTeams/電話で偽ヘルプデスク接触し最短12分でリモートアクセスを確立。Supremo Remote DesktopやQuick Assistを悪用し製造業等で多数確認。,daily-news/news/2026_04-06/20260415.md,https://reliaquest.com/blog/threat-spotlight-are-former-black-basta-affiliates-automating-executive-targeting,high,false,yes
2026-04_clickfix_nodejs_maas_rat,2026-04-15,2026-W16,2026-04,malware_campaign,ClickFix偽CAPTCHAからNodeJS製MaaS RATを展開・Tor越しgRPC C2とMaaS管理パネル構造を解析,NetskopがClickFix偽CAPTCHAからNodeServer-Setup-Full.msiを配布するMaaS RATキャンペーンを追跡。メモリ上展開・Tor越しgRPC C2・マルチオペレーター管理パネル・Telegram通知・暗号資産ウォレット追跡を実装。,daily-news/news/2026_04-06/20260415.md,https://www.netskope.com/blog/from-clickfix-to-maas-exposing-a-modular-windows-rat-and-its-admin-panel,high,false,no
2026-04_fake_ledger_live_app_store,2026-04-15,2026-W16,2026-04,incident,Apple App Storeの偽macOS版Ledger Liveが数日間で50人から950万ドルの暗号資産を窃取,Apple App Storeに「Leva Heal Limited」名義で登録された偽macOS版Ledger Liveがシードフレーズを収集し数日間で50人から計約950万ドルの暗号資産を盗んだ。ZachXBTによると資金はKuCoin経由でAudiA6ミキシングサービスに移動した。,daily-news/news/2026_04-06/20260415.md,https://www.bleepingcomputer.com/news/security/fake-ledger-live-app-on-apples-app-store-stole-95m-in-crypto/,high,false,no
2026-04_jp_malspam_nenkin_screenconnect,2026-04-15,2026-W16,2026-04,malware_campaign,日本語マルスパム: 年金支給額変更通知PDF偽装でScreenConnectをインストール,「2026年4月からの年金支給額の変更」を騙る日本語マルスパムがPDF内リンクからZIPを配布。.zip→.vbs→.msiのチェーンでScreenConnectをインストールし66.118.239.166:8041へ接続。,daily-news/news/2026_04-06/20260415.md,https://x.com/tdatwja/status/2043971559174615228,medium,true,no
2026-04_mcgraw_hill_salesforce_breach,2026-04-15,2026-W16,2026-04,incident,ShinyHuntersがSalesforce設定不備悪用でMcGraw-Hill 1350万件のユーザーデータを窃取・恐喝,ShinyHuntersがMcGraw-HillのSalesforce設定不備を悪用して1350万件のユーザーデータ（氏名・住所・電話番号・メール等）を窃取。Have I Been Pwnedが100GB超のファイルを確認。4500万件のSalesforceレコードを保有すると主張し身代金を要求した。,daily-news/news/2026_04-06/20260415.md,https://www.bleepingcomputer.com/news/security/mcgraw-hill-confirms-data-breach-following-extortion-threat/,high,false,maybe
2026-04_essentialplugin_wp_supply_chain,2026-04-16,2026-W16,2026-04,supply_chain,EssentialPlugin 30超のWordPressプラグインが買収後バックドア化・数千サイトへのマルウェア配布,EssentialPlugin傘下の30以上のWordPressプラグインが買収後にバックドアが仕込まれ長期休眠後に更新経由で有効化されスパムページ生成・リダイレクト配信を実施。不正コードはwp-config.phpにマルウェアを注入。WordPress.orgは強制更新を配布した。,daily-news/news/2026_04-06/20260416.md,https://www.bleepingcomputer.com/news/security/wordpress-plugin-suite-hacked-to-push-malware-to-thousands-of-sites/,high,false,yes
2026-04_kraken_insider_breach_extortion,2026-04-16,2026-W16,2026-04,incident,Krakenが支援部門従業員の買収による内部不正アクセスと恐喝を公表・約2000アカウントに影響,Krakenが犯罪グループに取り込まれた従業員による内部不正アクセスと社内映像を使った恐喝を公表。外部システム侵害・資金流出はなく約2000アカウントの限定的な顧客サポートデータのみ露出。恐喝要求には応じず法的措置を進めている。,daily-news/news/2026_04-06/20260416.md,https://www.bleepingcomputer.com/news/security/crypto-exchange-kraken-extorted-by-hackers-after-insider-breach/,high,false,no
2026-04_russian_c2_infra_research,2026-04-16,2026-W16,2026-04,security_research,Hunt.ioがロシア165事業者上の1250超のC2サーバーを可視化・Latrodectus/Lumma等のIOCを公開,Hunt.ioが2026年Q1にロシア165プロバイダー上のアクティブC2サーバー1250超を分析。TimeWebが311件で最多。Keitaro・Hajime・CobaltStrike・Sliver・Latrodectus・Lummaなど多様なC2ファミリーが観測された。,daily-news/news/2026_04-06/20260416.md,https://hunt.io/blog/russian-malicious-infrastructure-c2-servers-mapped,high,false,no
2026-04_sharepoint_cve_2026_32201,2026-04-16,2026-W16,2026-04,active_exploitation,Microsoft SharePoint Server CVE-2026-32201 なりすましゼロデイが実環境で悪用中・修正更新公開済み,MicrosoftがSharePoint Server（SE/2019/2016）の入力検証不備によるなりすまし脆弱性CVE-2026-32201が実際の攻撃で悪用されていると公表。認証不要・低難度・ユーザー操作不要で機微情報閲覧・データ改ざんが可能。各バージョン向け修正更新が公開済み。,daily-news/news/2026_04-06/20260416.md,https://cybersecuritynews.com/sharepoint-server-0-day-vulnerability/,high,false,yes
2026-04_signed_adware_av_killer,2026-04-16,2026-W16,2026-04,malware_campaign,署名付きAdware系ツールがSYSTEM権限でAV無効化スクリプトを展開・1日で124か国23500超ホストに感染,HuntressがDragon Boss Solutions LLC署名の更新ツールがAdvanced Installer更新機構を悪用してClockRemoval.ps1（AV無効化・ブラウザインストール妨害）を配布するキャンペーンを確認。1日で124か国23500超ホストに感染し教育・医療・重要インフラ環境にも侵入。,daily-news/news/2026_04-06/20260416.md,https://www.bleepingcomputer.com/news/security/signed-software-abused-to-deploy-antivirus-killing-scripts/,high,false,yes
2026-04_windows_task_host_cve_2025_60710,2026-04-16,2026-W16,2026-04,active_exploitation,CISAがWindows Task Host LPE脆弱性CVE-2025-60710をKEVに追加・実際の攻撃で悪用確認,CISAがWindows Task HostのLPE脆弱性CVE-2025-60710（リンク追跡不備）をKEVカタログに追加し連邦機関に2週間以内の対処を要求。Windows 11とWindows Server 2025で低権限のローカル攻撃者がSYSTEM権限を取得可能。2025年11月修正済み。,daily-news/news/2026_04-06/20260416.md,https://www.bleepingcomputer.com/news/security/cisa-flags-windows-task-host-vulnerability-as-exploited-in-attacks/,high,false,no
2026-04_agingfly_ukraine_malware,2026-04-17,2026-W16,2026-04,malware_campaign,UAC-0247が新型C#マルウェアAgingFlyでウクライナ地方政府・病院を標的,CERT-UAがウクライナ地方政府・病院を狙うC#製AgingFlyマルウェアを確認。人道支援を装うメールのLNKからHTA/EXEを段階実行しWebSocket+AES-CBCで通信するRATが遠隔操作・ファイル窃取・画面撮影・キーログを実施。UAC-0247に帰属。,daily-news/news/2026_04-06/20260417.md,https://www.bleepingcomputer.com/news/security/new-agingfly-malware-used-in-attacks-on-ukraine-govt-hospitals/,high,false,no
2026-04_athr_vishing_platform,2026-04-17,2026-W16,2026-04,cybercrime_trend,AI音声エージェントで攻撃を自動化するビッシング基盤ATHRがTelegramで4000ドルで販売,ATHRはTelegramで4000ドルと利益10%で販売されるAIビッシング基盤。偽セキュリティ通知メールから電話を誘導しAsterisk/WebRTCのAI音声エージェントで2FAコードを盗む。TOAD攻撃を低スキル攻撃者でも実行可能にする。,daily-news/news/2026_04-06/20260417.md,https://www.bleepingcomputer.com/news/security/new-athr-vishing-platform-uses-ai-voice-agents-for-automated-attacks/,high,false,yes
2026-04_cisco_webex_cve_2026_20184,2026-04-17,2026-W16,2026-04,vulnerability_advisory,Cisco Webex Services CVE-2026-20184 SSO連携の認証バイパス重大脆弱性・修正後に顧客追加対応が必要,Cisco WebexのSSO連携に存在するCVE-2026-20184が未認証遠隔攻撃者による任意ユーザーなりすましを許す重大脆弱性。Ciscoはサービス側で修正済みだがSSO顧客はIdP用SAML証明書の再アップロードが必要。,daily-news/news/2026_04-06/20260417.md,https://www.bleepingcomputer.com/news/security/cisco-says-critical-webex-services-flaw-requires-customer-action/,high,false,maybe
2026-04_nginx_ui_cve_2026_33032,2026-04-17,2026-W16,2026-04,active_exploitation,Nginx UI CVE-2026-33032 認証不要の管理エンドポイント悪用でNginx設定の完全掌握が可能・実際の攻撃で悪用中,Nginx UIのMCPサポートに起因するCVE-2026-33032が実際の攻撃で悪用開始。/mcp_messageエンドポイントが認証なしで特権的MCP操作を許す設計不備。Nginx設定閲覧・改変・悪性server block注入が可能。公開インスタンス約2600件。2.3.6で修正済み。,daily-news/news/2026_04-06/20260417.md,https://www.bleepingcomputer.com/news/security/critical-nginx-ui-auth-bypass-flaw-now-actively-exploited-in-the-wild/,high,false,yes
2026-04_nk_it_worker_laptop_farm,2026-04-17,2026-W16,2026-04,incident,北朝鮮ITワーカー「ラップトップファーム」運営に関与した米国人2名が実刑判決（108・92ヶ月）,米国人2名が北朝鮮要員を正規米企業従業員に偽装させる「ラップトップファーム」運営で108ヶ月・92ヶ月の実刑判決。80人超の盗用身元で2021-2024年に500万ドル超を北朝鮮政府に送金し被害企業に300万ドル超の損失。,daily-news/news/2026_04-06/20260417.md,https://www.bleepingcomputer.com/news/security/us-nationals-behind-north-korean-it-worker-laptop-farm-sent-to-prison/,high,false,no
2026-04_powmix_botnet_czech,2026-04-17,2026-W16,2026-04,malware_campaign,PowMixボットネットが少なくとも2025年12月からチェコの就業者層を標的・LNKからPowerShellを経て常駐,Cisco Talosが未公表ボットネットPowMixによる2025年12月以降のチェコ向け攻撃を確認。EDEKAやチェコ個人情報保護法を装うおとり文書からZIP→LNK→PowerShellでメモリ上にPowMixを展開。遠隔操作・偵察・任意コード実行に対応。,daily-news/news/2026_04-06/20260417.md,https://blog.talosintelligence.com/powmix-botnet-targets-czech-workforce/,high,false,no
2026-04_sapphire_sleet_macos_intrusion,2026-04-17,2026-W16,2026-04,malware_campaign,北朝鮮Sapphire SleetがmacOS利用者を偽Zoom SDK更新で騙し複数バックドアとTCC改ざんで永続化,MicrosoftがSapphire Sleet（北朝鮮）のmacOS標的型キャンペーンを報告。偽Zoom SDK Update.scptでcurl多段配信を実行しsystemupdate.appで資格情報窃取・TCC.db改変・LaunchDaemon永続化・ブラウザ/Keychain/Telegram/暗号資産ウォレット窃取。,daily-news/news/2026_04-06/20260417.md,https://www.microsoft.com/en-us/security/blog/2026/04/16/dissecting-sapphire-sleets-macos-intrusion-from-lure-to-compromise/,high,false,yes
2026-04_spankrat_windows_rat,2026-04-17,2026-W16,2026-04,malware_campaign,Rust製SpankRATがexplorer.exeへのDLL注入で検知を回避・18機能の高ステルスRATを展開,ANY.RUNがRust製2コンポーネントRAT「SpankRAT」を確認。SpankLoaderがrmm_agent.dllをexplorer.exeに注入しRmmAgentCoreスケジュールタスクで永続化。WebSocket通信・18種コマンド対応でVirusTotalでは大半未検知。,daily-news/news/2026_04-06/20260417.md,https://cybersecuritynews.com/spankrat-exploits-windows-process/,high,false,no
2026-04_draftkings_credential_stuffing_conviction,2026-04-18,2026-W16,2026-04,incident,DraftKings不正ハックアカウント販売で懲役30カ月・約63万5000ドルの窃取に有罪,Kamerin Stokesが2022年のDraftKingsクリデンシャルスタッフィング侵害で約6万8000件のアカウントを侵害・アクセス権を販売し63万5000ドルを窃取したとして懲役30ヶ月・132万ドルの賠償を命じられた。,daily-news/news/2026_04-06/20260418.md,https://www.bleepingcomputer.com/news/security/man-gets-30-months-for-selling-thousands-of-hacked-draftkings-accounts/,high,false,no
2026-04_grinex_crypto_hack,2026-04-18,2026-W16,2026-04,incident,キルギス拠点の制裁対象暗号資産取引所Grinexが1370万ドルのハッキング被害で業務停止,キルギス拠点の暗号資産取引所Grinex（制裁対象Garantexの再ブランドとされる）が約1370万ドルのハッキング被害で業務停止。TRONとEthereumアドレスへ移動した盗難資金をEllipticが追跡。攻撃者については根拠なく「西側情報機関」と主張された。,daily-news/news/2026_04-06/20260418.md,https://www.bleepingcomputer.com/news/security/grinex-exchange-blames-western-intelligence-for-137m-crypto-hack/,medium,true,no
2026-04_jp_malspam_poisonx_rat_0418,2026-04-18,2026-W16,2026-04,malware_campaign,日本語マルスパム: 組織代表を騙ったメールでPoisonX RATを配布（Google Storage悪用）,組織の代表を騙った日本語マルスパムがGoogle Storageの2種類のリンク経由でPoisonX RATを配布。1つはZIP直接ダウンロード、もう1つはZIP→LNK→PowerShell→curl→EXEの多段チェーン。C2: 154.36.180.151:8080。,daily-news/news/2026_04-06/20260418.md,https://x.com/bomccss/status/2045086356825927774,medium,true,no
2026-04_operation_poweroff_ddos,2026-04-18,2026-W16,2026-04,cybercrime_trend,Operation PowerOFFがDDoS-for-hireサービスの7万5000人利用者を特定・53ドメイン停止,Europol支援の下21か国参加のOperation PowerOFFの最新段階でDDoSプラットフォーム利用者7.5万人超への警告・4人逮捕・53ドメイン停止・25件の捜索令状執行が行われた。,daily-news/news/2026_04-06/20260418.md,https://www.bleepingcomputer.com/news/security/operation-poweroff-identifies-75k-ddos-users-takes-down-53-domains/,high,false,no
2026-04_payouts_king_ransomware_qemu,2026-04-18,2026-W16,2026-04,malware_campaign,Payouts KingランサムウェアがQEMU仮想化で隠しAlpine Linux VMを使いホスト検知を回避,SophosがPayouts Kingランサムウェア2件の侵害でQEMU隠しAlpine Linux VMによるホスト側監視回避を確認。STAC4713ではSonicWall/Cisco SSL VPN経由で侵入しAdaptixC2/Chisel/RcloneをVM内で運用。STAC3725ではCitrixBleed 2（CVE-2025-5777）でNetScalerを侵害し最終的にランサム暗号化。,daily-news/news/2026_04-06/20260418.md,https://www.bleepingcomputer.com/news/security/payouts-king-ransomware-uses-qemu-vms-to-bypass-endpoint-security/,high,false,yes
2026-04_redsun_undefend_zero_days,2026-04-18,2026-W16,2026-04,vulnerability_advisory,Microsoft Defender RedSunゼロデイPoCが公開・BlueHammer(CVE-2026-33825)と合わせてDefender LPE3件が問題視,研究者Chaotic EclipseがMSRCへの抗議としてMicrosoft Defender LPE「RedSun」のPoCを公開。Windows 10/11/Server・最新4月PT適用後でもSYSTEM権限取得可能。RedSunとUnDefendは記事時点で未修正。前週公開のBlueHammer（CVE-2026-33825）は4月PTで修正済み。,daily-news/news/2026_04-06/20260418.md,https://www.bleepingcomputer.com/news/microsoft/new-microsoft-defender-redsun-zero-day-poc-grants-system-privileges/,high,false,maybe
2026-04_windows_leaked_zerodays_exploited,2026-04-18,2026-W16,2026-04,active_exploitation,公開されたWindows LPEゼロデイ3件（BlueHammer/RedSun/UnDefend）が実際の攻撃で悪用されていることをHuntressが確認,Huntress Labsが4月10日以降にBlueHammer（CVE-2026-33825・4月PTで修正）とRedSun・UnDefend（いずれも未修正）がSSLVPN侵害済み端末で実際の攻撃に利用されたと報告。Microsoft Defender LPE3件が攻撃に悪用されており緊急対応が必要。,daily-news/news/2026_04-06/20260418.md,https://www.bleepingcomputer.com/news/security/recently-leaked-windows-zero-days-now-exploited-in-attacks/,high,false,yes
2026-04_zionsiphon_ot_malware,2026-04-18,2026-W16,2026-04,malware_campaign,ZionSiphonマルウェアが水処理施設を狙い塩素・流量・圧力を危険水準に操作する設計,DarktraceがOT水処理向けマルウェアZionSiphonを報告。塩素濃度・流量・圧力を危険水準に引き上げる意図を持ちイスラエル範囲・水処理関連ホストかを確認して標的判定。現状の亜種はXOR不一致バグで正常動作しないがUSB拡散機能も実装。,daily-news/news/2026_04-06/20260418.md,https://www.bleepingcomputer.com/news/security/zionsiphon-malware-designed-to-sabotage-water-treatment-systems/,high,false,yes
