event_key,dimension,raw_value,normalized_value,confidence,note
2026-03_ajax_fc_api_breach,attack_method,APIの共通・管理者鍵悪用による不正操作,authentication_bypass,high,
2026-03_ajax_fc_api_breach,attack_method,ファンアカウント詳細の不正閲覧・チケット移転,data_exfiltration,high,
2026-03_ajax_fc_api_breach,initial_access,APIの共通デジタル鍵・管理者鍵の悪用,exploit_public_facing_app,high,
2026-03_alp001_iab_leak_site,actor,ALP-001,alp_001,high,"Aliases: Alpha Group, DGJT Group"
2026-03_alp001_iab_leak_site,actor_attribution,ALP-001/Alpha Group/DGJT Group（データ恐喝へ移行中のIAB）,cybercrime,high,
2026-03_alp001_iab_leak_site,attack_method,VPN境界機器への不正アクセス,authentication_bypass,high,
2026-03_alp001_iab_leak_site,attack_method,窃取データの恐喝目的公開・販売,data_exfiltration,medium,
2026-03_alp001_iab_leak_site,crime_trend,データ恐喝への転換（IABからの移行）,data_extortion,medium,
2026-03_alp001_iab_leak_site,initial_access,Fortinet/FortiGate VPN・Cisco・Citrix・GlobalProtect等の境界機器悪用,exploit_public_facing_app,high,
2026-03_alp001_iab_leak_site,product,Cisco,cisco,medium,Cisco境界機器の悪用
2026-03_alp001_iab_leak_site,product,Citrix,citrix,medium,Citrix境界機器の悪用
2026-03_alp001_iab_leak_site,product,Fortinet FortiGate,fortigate,high,
2026-03_alp001_iab_leak_site,product_class,Fortinet VPN・Cisco・Citrixなど（リモートアクセス製品）,remote_access,high,
2026-03_apple_ios_coruna_patch,attack_method,SafariドライブバイによるiOSゼロデイ悪用,remote_code_execution,high,
2026-03_apple_ios_coruna_patch,initial_access,SafariドライブバイおよびCoruna IOSエクスプロイトキットの悪用,exploit_public_facing_app,high,
2026-03_apple_ios_coruna_patch,product,iOS/iPadOS,ios_ipados,high,
2026-03_apple_ios_coruna_patch,product,Safari,safari,high,Coruna起点のSafariドライブバイ
2026-03_apple_ios_coruna_patch,product_class,iOS/iPadOS（旧型iPhone/iPad・15.8.7/16.7.15系）,os,high,
2026-03_appsflyer_sdk_supply_chain,attack_method,悪性JSによる認証情報・暗号資産情報の窃取,credential_theft,high,
2026-03_appsflyer_sdk_supply_chain,attack_method,レジストラインシデントによるSDK配信ドメイン乗っ取り,supply_chain_compromise,high,
2026-03_appsflyer_sdk_supply_chain,crime_trend,暗号資産ウォレット・認証情報窃取目的,crypto_theft,medium,
2026-03_appsflyer_sdk_supply_chain,initial_access,AppsFlyerのWeb SDK配信ドメインへのレジストラインシデントによるサプライチェーン侵害,supply_chain,high,
2026-03_appsflyer_sdk_supply_chain,product,AppsFlyer Web SDK,appsflyer_web_sdk,high,
2026-03_appsflyer_sdk_supply_chain,product_class,AppsFlyerのWeb SDK配信基盤（JavaScriptSDK）,package_ecosystem,medium,SDK配信基盤はpackage_ecosystemに近いが正確ではない
2026-03_apt28_covenant_customized,actor,APT28,apt28,high,"Aliases: Fancy Bear, Forest Blizzard, Strontium, Sednit"
2026-03_apt28_covenant_customized,actor_attribution,APT28（Fancy Bear / Forest Blizzard）ロシア軍GRU関連,nation_state,high,ESETがGRU第26165部隊との関連を評価
2026-03_apt28_covenant_customized,attack_method,バックドアの長期潜伏,backdoor,high,
2026-03_apt28_covenant_customized,attack_method,クラウドストレージ（Filen）経由のC2通信,c2_communication,high,
2026-03_apt28_covenant_customized,attack_method,悪性DOCファイル（CVE-2026-21509）による初期感染,malicious_document,high,
2026-03_apt28_covenant_customized,attack_method,スパイウェアによるキーロギング・画面キャプチャ,persistence,high,
2026-03_apt28_covenant_customized,initial_access,悪性DOCファイル（CVE-2026-21509悪用）でのスピアフィッシング,phishing,high,
2026-03_apt28_covenant_customized,malware,BeardShell,beardshell,high,
2026-03_apt28_covenant_customized,malware,Covenant (customized),covenant_custom,high,大幅改変された独自版Covenant
2026-03_apt28_covenant_customized,malware,SlimAgent,slimagent,high,
2026-03_apt28_covenant_customized,product,Microsoft Office,microsoft_office,high,CVE-2026-21509悪用の悪性DOCファイル
2026-03_apt28_covenant_customized,product_class,ウクライナ政府・軍のWindows端末,os,high,
2026-03_apt36_vibeware_ai_malware,actor,APT36,apt36,high,Aliases: Transparent Tribe
2026-03_apt36_vibeware_ai_malware,actor_attribution,APT36（Transparent Tribe）パキスタン拠点の国家支援APT,nation_state,high,Bitdefenderがパキスタン拠点と評価
2026-03_apt36_vibeware_ai_malware,attack_method,正規クラウドサービス経由のC2通信,c2_communication,high,
2026-03_apt36_vibeware_ai_malware,attack_method,機密情報の窃取・持ち出し,data_exfiltration,high,
2026-03_apt36_vibeware_ai_malware,attack_method,悪性ZIP/ISO内LNKやPDFおとり,malicious_document,high,
2026-03_apt36_vibeware_ai_malware,initial_access,悪性メールに添付されたZIP/ISO内のLNKやPDFおとり,phishing,high,
2026-03_apt36_vibeware_ai_malware,malware,CrystalShell,crystalshell,high,
2026-03_apt36_vibeware_ai_malware,malware,LuminousStealer,luminousstealer,high,
2026-03_apt36_vibeware_ai_malware,malware,NimShellcodeLoader,nimshellcodeloader,high,
2026-03_apt36_vibeware_ai_malware,malware,SheetCreep,sheetcreep,high,
2026-03_apt36_vibeware_ai_malware,malware,Warcode,warcode,high,
2026-03_apt36_vibeware_ai_malware,malware,ZigShell,zigshell,high,
2026-03_apt36_vibeware_ai_malware,product,Discord,discord,high,C2として悪用
2026-03_apt36_vibeware_ai_malware,product,Google Sheets,google_sheets,high,C2・データ窃取に悪用
2026-03_apt36_vibeware_ai_malware,product,Microsoft Windows,microsoft_windows,high,インド政府・外交機関の標的環境
2026-03_apt36_vibeware_ai_malware,product,Slack,slack,high,C2として悪用
2026-03_apt36_vibeware_ai_malware,product_class,Windows OS（インド政府・外交機関の標的環境）,os,high,
2026-03_arpa_ipv6_phishing_evasion,attack_method,.arpa/IPv6逆引きによるフィッシング検知回避,defense_evasion,high,
2026-03_arpa_ipv6_phishing_evasion,attack_method,TDS（Traffic Distribution System）による標的選別,social_engineering,medium,
2026-03_arpa_ipv6_phishing_evasion,initial_access,.arpa/IPv6逆引きURLを使ったフィッシングメール,phishing,high,
2026-03_azure_monitor_callback_phishing,attack_method,偽電話番号への誘導で認証情報窃取,social_engineering,high,コールバック型フィッシング
2026-03_azure_monitor_callback_phishing,attack_method,正規Azure Monitor通知の悪用によるなりすましメール,spoofing,high,
2026-03_azure_monitor_callback_phishing,crime_trend,コールバック型フィッシング（偽電話番号誘導）,vishing,high,
2026-03_azure_monitor_callback_phishing,initial_access,正規Azure Monitor基盤から送信されるフィッシングメール,phishing,high,
2026-03_azure_monitor_callback_phishing,product,Microsoft Azure Monitor,microsoft_azure_monitor,high,
2026-03_azure_monitor_callback_phishing,product_class,Microsoft Azure Monitor（クラウド監視・通知基盤）,collaboration_platform,medium,コラボ基盤のカテゴリが最も近いが正確ではない
2026-03_beatbanker_android_malware,attack_method,C2通信によるコマンド受信,c2_communication,high,
2026-03_beatbanker_android_malware,attack_method,認証情報・SMSコードの窃取,credential_theft,high,
2026-03_beatbanker_android_malware,attack_method,Accessibility Services悪用によるオーバーレイ・画面操作,social_engineering,high,
2026-03_beatbanker_android_malware,initial_access,偽Google Play StoreサイトへのソーシャルエンジニアリングでAPKをサイドロードさせる,phishing,high,
2026-03_beatbanker_android_malware,malware,BeatBanker,beatbanker,high,
2026-03_beatbanker_android_malware,malware,BtMob RAT,btmob_rat,medium,
2026-03_beatbanker_android_malware,product_class,Android OS（偽Starlinkアプリの感染対象）,os,high,
2026-03_bitpaymer_botnet_admin_sentenced,actor,TA551,ta551,high,Aliases: Shathak
2026-03_bitpaymer_botnet_admin_sentenced,actor_attribution,TA551/Shathak（ロシア系フィッシングボットネット運営グループ）,cybercrime,high,
2026-03_bitpaymer_botnet_admin_sentenced,attack_method,フィッシングボットネット経由のマルウェア配布,malicious_document,high,日70万通規模
2026-03_bitpaymer_botnet_admin_sentenced,crime_trend,ランサムウェアアフィリエイト向けアクセス販売（RaaS）,ransomware_as_a_service,high,
2026-03_bitpaymer_botnet_admin_sentenced,crime_trend,ランサムウェアによる恐喝（BitPaymer）,ransomware_extortion,high,
2026-03_bitpaymer_botnet_admin_sentenced,initial_access,1日70万通規模のマルスパムでボットネットを拡大,malspam,high,
2026-03_bitpaymer_botnet_admin_sentenced,malware,BitPaymer,bitpaymer,high,RaaSランサムウェア本体
2026-03_bitpaymer_botnet_admin_sentenced,malware,IcedID,icedid,high,アクセス提供ツールとして使用
2026-03_bitrefill_bluenoroff_breach,actor,BlueNoroff,bluenoroff,high,"Aliases: APT38, Lazarus Group"
2026-03_bitrefill_bluenoroff_breach,actor_attribution,BlueNoroff（APT38/Lazarus傘下）北朝鮮国家支援,nation_state,high,手口・マルウェア・オンチェーン追跡・IP再利用の類似性から特定
2026-03_bitrefill_bluenoroff_breach,attack_method,古い窃取認証情報による不正アクセス,credential_theft,high,
2026-03_bitrefill_bluenoroff_breach,attack_method,暗号資産・ギフトカード関連データの持ち出し,data_exfiltration,high,
2026-03_bitrefill_bluenoroff_breach,crime_trend,暗号資産サービスを標的にした窃取,crypto_theft,high,
2026-03_bitrefill_bluenoroff_breach,initial_access,侵害された従業員ノートPCからの古い認証情報窃取・悪用,stolen_credentials,high,
2026-03_blackcat_negotiator_indicted,actor,BlackCat,blackcat,high,Aliases: ALPHV
2026-03_blackcat_negotiator_indicted,actor_attribution,BlackCat/ALPHV RaaS（金銭目的のランサムウェアグループ）,cybercrime,high,
2026-03_blackcat_negotiator_indicted,attack_method,ランサムウェア攻撃での身代金交渉・恐喝,data_exfiltration,high,
2026-03_blackcat_negotiator_indicted,crime_trend,RaaSモデルでの攻撃,ransomware_as_a_service,high,
2026-03_blackcat_negotiator_indicted,crime_trend,ランサムウェアによる恐喝,ransomware_extortion,high,
2026-03_blacksanta_edr_killer,actor_attribution,ロシア語話者の脅威アクター（機密窃取目的・国籍断定は困難）,cybercrime,low,ロシア語話者との記載はあるが国家支援か犯罪か不明
2026-03_blacksanta_edr_killer,attack_method,機密情報のC2への送信,c2_communication,high,
2026-03_blacksanta_edr_killer,attack_method,AV/EDRのカーネルレベルでの強制停止,defense_evasion,high,BYODドライバー悪用
2026-03_blacksanta_edr_killer,attack_method,履歴書偽装ISOのLNK経由の悪性コード実行,malicious_document,high,
2026-03_blacksanta_edr_killer,attack_method,スケジュールタスク等による永続化,persistence,high,
2026-03_blacksanta_edr_killer,attack_method,プロセスホロウイングによる悪性コード実行,process_injection,high,
2026-03_blacksanta_edr_killer,initial_access,履歴書偽装ISOのクラウドストレージ経由スピアフィッシング,phishing,high,
2026-03_blacksanta_edr_killer,malware,BlackSanta,blacksanta,high,EDRキラー
2026-03_blacksanta_edr_killer,product_class,AV/EDR/SIEM/フォレンジック系ツール（BYODドライバーで停止対象）,security_tool,high,
2026-03_bubble_ai_phishing_microsoft,attack_method,Microsoft 365認証情報の窃取,credential_theft,high,
2026-03_bubble_ai_phishing_microsoft,attack_method,正規SaaS基盤上でのフィッシングサイト構築,spoofing,high,
2026-03_bubble_ai_phishing_microsoft,crime_trend,認証情報窃取によるアカウント乗っ取り,account_takeover,high,
2026-03_bubble_ai_phishing_microsoft,initial_access,Bubble上のフィッシングWebアプリへの誘導,phishing,high,
2026-03_bubble_ai_phishing_microsoft,product,Bubble (no-code platform),bubble,high,正規Bubbleプラットフォームが悪用された
2026-03_bubble_ai_phishing_microsoft,product,Microsoft 365,microsoft_365,high,フィッシングの標的
2026-03_bubble_ai_phishing_microsoft,product_class,Microsoft 365/Microsoftアカウント（フィッシング標的）,collaboration_platform,high,
2026-03_canisterworm_wiper_teampcp,actor,TeamPCP,teampcp,high,
2026-03_canisterworm_wiper_teampcp,actor_attribution,TeamPCP（金銭目的のサイバー犯罪集団）,cybercrime,high,
2026-03_canisterworm_wiper_teampcp,attack_method,C2経由の命令受信・実行,c2_communication,high,Internet Computer Protocol上のcanisterで運用
2026-03_canisterworm_wiper_teampcp,attack_method,データ破壊（ワイパー）実行,data_exfiltration,medium,データ破壊目的。taxonomy_gap: wiper専用値なし
2026-03_canisterworm_wiper_teampcp,initial_access,露出したDocker API・Kubernetes・Redis悪用でクラウド環境に侵入,exploit_public_facing_app,high,
2026-03_canisterworm_wiper_teampcp,malware,CanisterWorm,canisterworm,high,ICP（Internet Computer Protocol）で基盤運用
2026-03_canisterworm_wiper_teampcp,product,Docker,docker,high,露出したDocker APIを悪用
2026-03_canisterworm_wiper_teampcp,product,Kubernetes,kubernetes,high,全ノードのデータ破壊を試みる
2026-03_canisterworm_wiper_teampcp,product,Redis,redis,high,公開Redisを悪用
2026-03_china_apt_qatar_espionage,actor,Camaro Dragon,camaro_dragon,medium,"Aliases: Earth Preta, Mustang Panda"
2026-03_china_apt_qatar_espionage,actor_attribution,中国系APT（Camaro Dragon / Earth Preta系）,nation_state,high,Check PointがCamaro Dragonと評価
2026-03_china_apt_qatar_espionage,attack_method,PlugX/Cobalt StrikeによるC2通信,c2_communication,high,
2026-03_china_apt_qatar_espionage,attack_method,悪性アーカイブ内LNKファイルによる感染,malicious_document,high,
2026-03_china_apt_qatar_espionage,attack_method,DLLハイジャックによるペイロード実行,process_injection,high,
2026-03_china_apt_qatar_espionage,initial_access,悪性アーカイブ内LNKファイルによるフィッシング,phishing,high,
2026-03_china_apt_qatar_espionage,malware,Cobalt Strike,cobalt_strike,medium,Rust製ローダーが投下
2026-03_china_apt_qatar_espionage,malware,PlugX,plugx,high,
2026-03_china_apt_qatar_espionage,product,Baidu NetDisk,baidu_netdisk,high,DLLハイジャックのロード元として悪用
2026-03_china_apt_qatar_espionage,product_class,Windows OS（カタール組織の標的環境）,os,high,
2026-03_chrome_zerodday_cve_2026_3909_3910,attack_method,ブラウザゼロデイ悪用によるRCE,remote_code_execution,high,CVE-2026-3909/3910
2026-03_chrome_zerodday_cve_2026_3909_3910,initial_access,Chromeブラウザへの実悪用（ドライブバイまたはターゲット型）,exploit_public_facing_app,high,
2026-03_chrome_zerodday_cve_2026_3909_3910,product,Google Chrome,google_chrome,high,Skia・V8エンジン脆弱性
2026-03_chrome_zerodday_cve_2026_3909_3910,product_class,Chrome ブラウザ（Skia・V8エンジン）,browser,high,
2026-03_cisco_fmc_cve_2026_20131_interlock,actor,Interlock,interlock,high,Interlockランサムウェアグループ
2026-03_cisco_fmc_cve_2026_20131_interlock,actor_attribution,Interlockランサムウェアグループ（国籍不明・金銭目的）,cybercrime,high,
2026-03_cisco_fmc_cve_2026_20131_interlock,attack_method,Webシェルの設置,backdoor,high,
2026-03_cisco_fmc_cve_2026_20131_interlock,attack_method,ランサムウェア展開,ransomware,high,
2026-03_cisco_fmc_cve_2026_20131_interlock,attack_method,認証不要RCE（CVE-2026-20131）,remote_code_execution,high,
2026-03_cisco_fmc_cve_2026_20131_interlock,crime_trend,RaaSモデルでの攻撃,ransomware_as_a_service,high,
2026-03_cisco_fmc_cve_2026_20131_interlock,crime_trend,ランサムウェアによる恐喝,ransomware_extortion,high,
2026-03_cisco_fmc_cve_2026_20131_interlock,initial_access,公開Cisco Secure FMCへの認証不要RCE（CVE-2026-20131）,exploit_public_facing_app,high,
2026-03_cisco_fmc_cve_2026_20131_interlock,product,Cisco Secure Firewall Management Center,cisco_secure_fmc,high,CVE-2026-20131悪用
2026-03_cisco_fmc_cve_2026_20131_interlock,product_class,Cisco Secure Firewall Management Center（セキュリティ管理基盤）,security_tool,high,
2026-03_citrix_netscaler_cve_2026_3055,attack_method,メモリ過剰読み取りによる認証情報漏洩,credential_theft,high,
2026-03_citrix_netscaler_cve_2026_3055,attack_method,管理セッションIDの窃取によるアカウント乗っ取り,session_hijacking,high,
2026-03_citrix_netscaler_cve_2026_3055,initial_access,公開Citrix ADC/GatewayのSAML IdPエンドポイント悪用,exploit_public_facing_app,high,修正版公開数日後に悪用が観測された
2026-03_citrix_netscaler_cve_2026_3055,product,Citrix NetScaler ADC,citrix_netscaler_adc,high,CVE-2026-3055 SAMLメモリ過剰読み取り
2026-03_citrix_netscaler_cve_2026_3055,product,Citrix NetScaler Gateway,citrix_netscaler_gateway,high,
2026-03_citrix_netscaler_cve_2026_3055,product_class,Citrix NetScaler ADC/Gateway（リモートアクセス・ゼロトラスト基盤）,remote_access,high,
2026-03_cl_sta_1087_sea_military_espionage,actor,CL-STA-1087,cl_sta_1087,medium,Unit 42が中程度の確度で中国系と評価
2026-03_cl_sta_1087_sea_military_espionage,actor_attribution,中国系国家支援型APT（CL-STA-1087・中程度の確度）,nation_state,medium,Unit 42が中程度の確度で中国系と評価
2026-03_cl_sta_1087_sea_military_espionage,attack_method,バックドアによる長期潜伏,backdoor,high,
2026-03_cl_sta_1087_sea_military_espionage,attack_method,認証情報窃取ツール（Getpass系）の使用,credential_theft,medium,
2026-03_cl_sta_1087_sea_military_espionage,attack_method,軍事・政府機密データの持ち出し,data_exfiltration,high,
2026-03_cl_sta_1087_sea_military_espionage,initial_access,初期侵入手法は明示なし（未管理端末経由と推定）,unknown,low,
2026-03_cl_sta_1087_sea_military_espionage,malware,AppleChris,applechris,high,
2026-03_cl_sta_1087_sea_military_espionage,malware,MemFun,memfun,high,
2026-03_cl_unk_1068_espionage,actor,CL-UNK-1068,cl_unk_1068,high,Unit 42が中国系と高確信で評価
2026-03_cl_unk_1068_espionage,actor_attribution,中国系脅威アクター（Unit 42が高い確信で評価）,nation_state,high,ツール・言語・標的傾向から中国系と高確信で評価
2026-03_cl_unk_1068_espionage,attack_method,Webシェルによるバックドア設置,backdoor,high,
2026-03_cl_unk_1068_espionage,attack_method,FRPリバーストンネルによるC2通信,c2_communication,high,
2026-03_cl_unk_1068_espionage,attack_method,WebシェルとSQL設定ファイルから認証情報窃取,credential_theft,high,
2026-03_cl_unk_1068_espionage,attack_method,WinRAR＋certutil経由でのデータ持ち出し,data_exfiltration,high,
2026-03_cl_unk_1068_espionage,initial_access,公開VMware vCenter Serverへのウェブシェル設置,exploit_public_facing_app,high,
2026-03_cl_unk_1068_espionage,malware,Mimikatz,mimikatz,high,認証情報窃取に使用
2026-03_cl_unk_1068_espionage,product,VMware vCenter Server,vmware_vcenter_server,high,侵入起点として悪用
2026-03_cl_unk_1068_espionage,product_class,VMware vCenter Server（インフラ管理基盤）,security_tool,high,
2026-03_clickfix_new_variant_workflowy,attack_method,WebDAV経由でのペイロード配送,defense_evasion,medium,
2026-03_clickfix_new_variant_workflowy,attack_method,偽CAPTCHAでWin+Rコマンド実行を誘導,social_engineering,high,
2026-03_clickfix_new_variant_workflowy,crime_trend,ClickFix偽CAPTCHA経由でコマンド実行を誘導する手口,clickfix,high,
2026-03_clickfix_new_variant_workflowy,initial_access,偽CAPTCHAページでWin+R実行を誘導するClickFix亜種,phishing,high,
2026-03_clickfix_new_variant_workflowy,product,WorkFlowy,workflowy,high,改変WorkFlowy 1.4.1050が使用
2026-03_clickfix_new_variant_workflowy,product_class,Windows OS（Win+R・WebDAVマウント経由）,os,high,
2026-03_clipxdaemon_linux_clipboard_hijacker,attack_method,クリップボードのウォレットアドレスを差し替え,credential_theft,high,
2026-03_clipxdaemon_linux_clipboard_hijacker,attack_method,~/.profileによる永続化,persistence,high,
2026-03_clipxdaemon_linux_clipboard_hijacker,crime_trend,暗号資産ウォレットアドレス差し替えによる窃取,crypto_theft,high,
2026-03_clipxdaemon_linux_clipboard_hijacker,initial_access,配布経路不明（Bincrypter系ローダー経由と推定）,unknown,low,
2026-03_clipxdaemon_linux_clipboard_hijacker,malware,ClipXDaemon,clipxdaemon,high,Linux X11クリップボードハイジャッカー
2026-03_clipxdaemon_linux_clipboard_hijacker,product_class,Linux/X11 OS（クリップボードハイジャック対象）,os,high,
2026-03_connectwise_screenconnect_cve_2026_3564,attack_method,ASP.NET machine key悪用によるセッション認証偽造,authentication_bypass,medium,
2026-03_connectwise_screenconnect_cve_2026_3564,attack_method,偽造セッションによるリモートアクセス乗っ取り,session_hijacking,medium,
2026-03_connectwise_screenconnect_cve_2026_3564,initial_access,ASP.NET machine key悪用によるScreenConnectセッション認証偽造,exploit_public_facing_app,medium,CVE-2026-3564自体の悪用は未確認。既知machine keyの悪用試みは観測済み
2026-03_connectwise_screenconnect_cve_2026_3564,product,ConnectWise ScreenConnect,connectwise_screenconnect,high,CVE-2026-3564
2026-03_connectwise_screenconnect_cve_2026_3564,product_class,ConnectWise ScreenConnect（リモートアクセスツール）,remote_access,high,
2026-03_coruna_ios_exploit_framework,attack_method,23件のCVEを使うiOSフルチェーンエクスプロイト,remote_code_execution,high,
2026-03_coruna_ios_exploit_framework,initial_access,Safariを起点にしたドライブバイ攻撃（水飲み場型含む）,exploit_public_facing_app,medium,Safariスタガーを使う攻撃
2026-03_coruna_ios_exploit_framework,product,iOS/iPadOS,ios_ipados,high,Corunaが標的とするモバイルOS
2026-03_coruna_ios_exploit_framework,product,Safari,safari,high,Safariスタガーで端末識別
2026-03_coruna_ios_exploit_framework,product_class,iPhone/iOS（Coruna標的のモバイルOS）,os,high,
2026-03_crunchyroll_data_breach,actor_attribution,身代金要求を行った恐喝グループ（帰属詳細不明）,cybercrime,medium,
2026-03_crunchyroll_data_breach,attack_method,SSOアカウント侵害によるサポートシステムへの不正アクセス,credential_theft,high,
2026-03_crunchyroll_data_breach,attack_method,800万件超サポートチケットの窃取,data_exfiltration,high,
2026-03_crunchyroll_data_breach,crime_trend,窃取データによる身代金要求・恐喝,data_extortion,high,500万ドルの身代金要求
2026-03_crunchyroll_data_breach,initial_access,Telus International担当者のOkta SSOアカウントへの侵入（窃取認証情報）,stolen_credentials,high,
2026-03_crunchyroll_data_breach,product,Okta SSO,okta,high,Okta SSOアカウントへの侵入
2026-03_crunchyroll_data_breach,product,Zendesk,zendesk,high,Zendeskからデータを窃取
2026-03_ctrl_russian_net_rat,actor_attribution,ロシア語話者（国家支援か犯罪グループかは不明）,unknown,low,ロシア語エラー文字列とロシアドメインが根拠だが国家支援は断定できない
2026-03_ctrl_russian_net_rat,attack_method,バックドアによるリモートアクセス維持,backdoor,high,
2026-03_ctrl_russian_net_rat,attack_method,FRPリバーストンネル経由のC2通信,c2_communication,high,
2026-03_ctrl_russian_net_rat,attack_method,偽Windows HelloログインでPINを窃取,credential_theft,high,
2026-03_ctrl_russian_net_rat,initial_access,悪性LNKファイルを使ったフィッシング,phishing,medium,
2026-03_ctrl_russian_net_rat,malware,CTRL RAT,ctrl,high,.NET製RATフレームワーク
2026-03_darksword_ios_active_exploitation,actor,UNC6353,unc6353,medium,ロシア系情報機関の疑い
2026-03_darksword_ios_active_exploitation,actor,UNC6748,unc6748,medium,トルコ商用スパイウェアベンダー顧客と評価
2026-03_darksword_ios_active_exploitation,actor_attribution,複数の攻撃者（UNC6748はトルコ商用スパイウェアベンダー顧客・UNC6353はロシア系スパイの疑い）,nation_state,medium,国家支援が疑われるが複数主体
2026-03_darksword_ios_active_exploitation,attack_method,スパイウェアによるデータ収集・持ち出し,data_exfiltration,high,
2026-03_darksword_ios_active_exploitation,attack_method,iOS水飲み場型攻撃によるゼロデイ悪用,remote_code_execution,medium,
2026-03_darksword_ios_active_exploitation,initial_access,侵害されたウクライナWebサイトを使う水飲み場型攻撃（Safari経由）,exploit_public_facing_app,medium,水飲み場型攻撃はexploit_public_facing_appが最も近い
2026-03_darksword_ios_active_exploitation,malware,DarkSword,darksword,high,"Aliases: GHOSTBLADE, GHOSTKNIFE, GHOSTSABER"
2026-03_darksword_ios_active_exploitation,product,iOS/iPadOS,ios_ipados,high,DarkSword標的のモバイルOS
2026-03_darksword_ios_active_exploitation,product_class,iPhone/iOS（DarkSword標的のモバイルOS）,os,high,
2026-03_ddos_botnet_aisuru_disruption,actor,Aisuru,aisuru,high,"KimWolf, JackSkid, Mossadとして運営する4ボットネット"
2026-03_ddos_botnet_aisuru_disruption,actor_attribution,Aisuru/KimWolf/JackSkid/Mossadボットネット運営者（国籍不明・金銭目的）,cybercrime,high,DDoS-as-a-serviceとして販売し被害者へ恐喝も実施
2026-03_ddos_botnet_aisuru_disruption,attack_method,DDoS攻撃（31.4Tbps記録）,ddos,high,C2・仮想サーバー・ドメインでボットネットを運営
2026-03_ddos_botnet_aisuru_disruption,crime_trend,被害者への恐喝,data_extortion,medium,DDoS後に恐喝も実施
2026-03_ddos_botnet_aisuru_disruption,crime_trend,DDoS攻撃代行サービスとしての販売,ddos_for_hire,high,DDoS-as-a-serviceとして販売
2026-03_ddos_botnet_aisuru_disruption,malware,Aisuru,aisuru_botnet,high,IoT機器300万台超を感染させたボットネットマルウェア
2026-03_deepload_clickfix_malware,attack_method,悪性ブラウザ拡張による認証情報継続窃取,credential_theft,high,
2026-03_deepload_clickfix_malware,attack_method,mshta.exeとAI生成コードによる静的検知回避,defense_evasion,high,
2026-03_deepload_clickfix_malware,attack_method,WMI永続化,persistence,high,
2026-03_deepload_clickfix_malware,attack_method,正規Windowsプロセスへのインジェクション,process_injection,high,
2026-03_deepload_clickfix_malware,crime_trend,ClickFix偽CAPTCHA経由でコマンド実行を誘導する手口,clickfix,high,
2026-03_deepload_clickfix_malware,initial_access,ClickFixソーシャルエンジニアリング（偽CAPTCHAやポップアップでコマンド実行を誘導）,phishing,high,
2026-03_deepload_clickfix_malware,malware,DeepLoad,deepload,high,AI生成ノイズコードで静的検知を回避
2026-03_dprk_it_worker_sanctions,actor,Coral Sleet,coral_sleet,high,"Aliases: Jasper Sleet, 北朝鮮IT worker networkの一部"
2026-03_dprk_it_worker_sanctions,actor_attribution,北朝鮮国家支援のIT workerネットワーク（Coral Sleet/Jasper Sleet等）,nation_state,high,OFACが制裁対象に指定した国家支援ネットワーク
2026-03_dprk_it_worker_sanctions,attack_method,偽装就業による内部者としての不正アクセス,social_engineering,high,
2026-03_dprk_it_worker_sanctions,crime_trend,偽求人・採用詐欺（IT worker偽装就業）,fake_job_recruitment,high,
2026-03_dprk_it_worker_sanctions,initial_access,偽装就業による内部者の不正アクセス・特権乱用,insider_abuse,high,正当に採用された内部者がアクセスを悪用
2026-03_dutch_finance_ministry_breach,initial_access,侵入手法未公表,unknown,low,記事時点で犯行主体・手法ともに未公表
2026-03_dutch_police_phishing_breach,initial_access,フィッシング攻撃の成功による侵害,phishing,high,
2026-03_dutch_signal_whatsapp_hijacking,actor_attribution,ロシア政府支援ハッカー（MIVD/AIVDが帰属）,nation_state,high,
2026-03_dutch_signal_whatsapp_hijacking,attack_method,端末リンク機能の悪用によるセッション乗っ取り,session_hijacking,high,
2026-03_dutch_signal_whatsapp_hijacking,attack_method,悪性QRコード・偽Chatbotによるデバイス再登録,social_engineering,high,
2026-03_dutch_signal_whatsapp_hijacking,crime_trend,メッセージングアプリアカウントの乗っ取り,account_takeover,high,
2026-03_dutch_signal_whatsapp_hijacking,initial_access,偽Signal Security Support Chatbot・悪性QRコードでのフィッシング,phishing,high,
2026-03_dutch_signal_whatsapp_hijacking,product,Signal,signal,high,アカウント乗っ取りの標的
2026-03_dutch_signal_whatsapp_hijacking,product,WhatsApp,whatsapp,high,アカウント乗っ取りの標的
2026-03_dutch_signal_whatsapp_hijacking,product_class,Signal/WhatsApp（暗号化メッセージングアプリ）,collaboration_platform,high,
2026-03_elementor_ally_sqli_cve_2026_2313,attack_method,SQLiによるWordPressデータ窃取,data_exfiltration,high,
2026-03_elementor_ally_sqli_cve_2026_2313,attack_method,未認証SQLインジェクションによるデータ窃取,sql_injection,high,
2026-03_elementor_ally_sqli_cve_2026_2313,initial_access,URL引数処理への未認証SQLインジェクション（CVE-2026-2313）,exploit_public_facing_app,high,
2026-03_elementor_ally_sqli_cve_2026_2313,product,Elementor Ally,elementor_ally,high,CVE-2026-2313
2026-03_elementor_ally_sqli_cve_2026_2313,product_class,Elementor Ally WordPressプラグイン,wordpress_plugin,high,
2026-03_england_hockey_ailock_ransomware,actor,AiLock,ailock,high,AiLockランサムウェア運営グループ
2026-03_england_hockey_ailock_ransomware,actor_attribution,AiLockランサムウェア運営者（金銭目的・国籍不明）,cybercrime,high,
2026-03_england_hockey_ailock_ransomware,attack_method,データ窃取・公開脅迫,data_exfiltration,high,
2026-03_england_hockey_ailock_ransomware,attack_method,ランサムウェアによるデータ暗号化,ransomware,high,
2026-03_england_hockey_ailock_ransomware,crime_trend,ランサムウェアによる恐喝,ransomware_extortion,high,
2026-03_england_hockey_ailock_ransomware,initial_access,侵入手法未公表,unknown,low,
2026-03_england_hockey_ailock_ransomware,malware,AiLock,ailock_ransomware,high,
2026-03_ericsson_us_data_breach,attack_method,サービスプロバイダー経由の個人情報窃取,data_exfiltration,medium,
2026-03_ericsson_us_data_breach,initial_access,サービスプロバイダーへの侵害経由（手法不明）,unknown,low,
2026-03_european_commission_teampcp_breach,actor,ShinyHunters,shinyhunters,high,窃取データ90GBをダークウェブで公開
2026-03_european_commission_teampcp_breach,actor,TeamPCP,teampcp,high,TrivyサプライチェーンからAWS APIキーを窃取・悪用
2026-03_european_commission_teampcp_breach,actor_attribution,TeamPCPおよびShinyHunters（金銭目的の恐喝グループ）,cybercrime,high,TeamPCPが侵入しShinyHuntersがデータを公開
2026-03_european_commission_teampcp_breach,attack_method,TruffleHogによる機密スキャン後のデータ持ち出し,data_exfiltration,high,350GB超を窃取
2026-03_european_commission_teampcp_breach,attack_method,サプライチェーン経由の侵害,supply_chain_compromise,high,
2026-03_european_commission_teampcp_breach,attack_method,Trivyサプライチェーン経由で盗んだAWS APIキー悪用,token_theft,high,
2026-03_european_commission_teampcp_breach,crime_trend,窃取データの公開による恐喝,data_extortion,high,ShinyHuntersが90GBを公開
2026-03_european_commission_teampcp_breach,initial_access,TrivyサプライチェーンからGitHub Action経由で盗んだAWS APIキーを悪用,supply_chain,high,
2026-03_european_commission_teampcp_breach,product,Amazon AWS,amazon_aws,high,TeamPCPが侵害したAWS APIキー悪用
2026-03_european_commission_teampcp_breach,product,GitHub Actions,github_actions,high,Trivyサプライチェーン攻撃の経路
2026-03_f5_bigip_cve_2025_53521,attack_method,Webシェルによる永続バックドア,backdoor,high,
2026-03_f5_bigip_cve_2025_53521,attack_method,認証不要RCEによるWebシェル設置,remote_code_execution,high,
2026-03_f5_bigip_cve_2025_53521,initial_access,公開F5 BIG-IP APMへの認証不要RCE,exploit_public_facing_app,high,
2026-03_f5_bigip_cve_2025_53521,product,F5 BIG-IP APM,f5_big_ip_apm,high,CVE-2025-53521 RCEに再分類
2026-03_f5_bigip_cve_2025_53521,product_class,F5 BIG-IP APM（リモートアクセス・アクセス管理基盤）,remote_access,high,
2026-03_fake_vscode_github_malware,attack_method,偽CVE警告による外部マルウェアへの誘導,social_engineering,high,
2026-03_fake_vscode_github_malware,attack_method,正規プラットフォームを悪用したなりすまし,spoofing,high,
2026-03_fake_vscode_github_malware,initial_access,GitHub Discussionsの偽脆弱性警告で外部ダウンロードへ誘導,phishing,high,ソーシャルエンジニアリング経由
2026-03_fake_vscode_github_malware,product,GitHub,github,high,GitHub Discussionsに偽CVEを大量投稿
2026-03_fake_vscode_github_malware,product,Visual Studio Code,visual_studio_code,high,偽脆弱性警告の対象製品として詐称
2026-03_fancybear_roundcube_opsec,actor,APT28,apt28,high,"Aliases: Fancy Bear, Forest Blizzard, Strontium"
2026-03_fancybear_roundcube_opsec,actor_attribution,FancyBear（APT28/Forest Blizzard）ロシアGRU関連,nation_state,high,英国NCSCがGRU第26165部隊との関連を評価
2026-03_fancybear_roundcube_opsec,attack_method,認証回避（XSS経由の認証情報窃取）,authentication_bypass,high,
2026-03_fancybear_roundcube_opsec,attack_method,XSSによるセッショントークン・2FAコードの窃取,credential_theft,high,
2026-03_fancybear_roundcube_opsec,attack_method,90日分のメールデータ持ち出し,data_exfiltration,high,
2026-03_fancybear_roundcube_opsec,initial_access,公開Roundcube/SquirrelMailへのXSSを使ったメールアカウント侵害,exploit_public_facing_app,high,
2026-03_fancybear_roundcube_opsec,product,Roundcube,roundcube,high,CSS @import経由の格納型XSS悪用
2026-03_fancybear_roundcube_opsec,product,SquirrelMail,squirrelmail,high,
2026-03_fancybear_roundcube_opsec,product_class,Roundcube/SquirrelMail（WebメールクライアントCMS系）,collaboration_platform,high,Webメール基盤として攻撃対象
2026-03_fbi_municipal_official_phishing,actor_attribution,市・郡当局者なりすまし電子送金詐欺グループ（金銭目的）,cybercrime,high,
2026-03_fbi_municipal_official_phishing,attack_method,公開情報を使った巧妙なソーシャルエンジニアリング,social_engineering,high,
2026-03_fbi_municipal_official_phishing,attack_method,市・郡当局者へのなりすましによる詐欺メール,spoofing,high,
2026-03_fbi_municipal_official_phishing,crime_trend,当局者なりすましによるビジネスメール詐欺（BEC）,business_email_compromise,high,
2026-03_fbi_municipal_official_phishing,initial_access,当局者なりすましメールによるフィッシング,phishing,high,
2026-03_fbi_steam_malware_games,actor,EncryptHub,encrypthub,medium,EncryptHubの関与が疑われる（断定は困難）
2026-03_fbi_steam_malware_games,actor_attribution,Steamマルウェアゲーム配布者（EncryptHub関与疑い・金銭目的）,cybercrime,medium,EncryptHubの名が挙がるが断定は困難
2026-03_fbi_steam_malware_games,attack_method,認証情報・暗号資産ウォレットの窃取,credential_theft,high,
2026-03_fbi_steam_malware_games,attack_method,正規ゲームプラットフォームを悪用したマルウェア配布,social_engineering,high,
2026-03_fbi_steam_malware_games,crime_trend,インフォスティーラーのMaaS配布,infostealer_market,medium,
2026-03_fbi_steam_malware_games,initial_access,Steamゲームプラットフォームを経由したマルウェア配布,phishing,high,ソーシャルエンジニアリングで正規ゲームに見せかける
2026-03_fbi_steam_malware_games,malware,Fickle Stealer,fickle_stealer,high,
2026-03_fbi_steam_malware_games,malware,HijackLoader,hijackloader,high,
2026-03_fbi_steam_malware_games,malware,Vidar,vidar,high,インフォスティーラー
2026-03_fbi_steam_malware_games,product,Steam,steam,high,Steamゲームプラットフォームを悪用
2026-03_fortinet_ems_cve_2026_21643,attack_method,SiteヘッダーへのSQLインジェクションによるRCE,remote_code_execution,high,
2026-03_fortinet_ems_cve_2026_21643,attack_method,SQLインジェクションによるコマンドインジェクション,sql_injection,high,
2026-03_fortinet_ems_cve_2026_21643,initial_access,FortiClient EMS GUI SQLインジェクション（Siteヘッダー悪用）,exploit_public_facing_app,high,
2026-03_fortinet_ems_cve_2026_21643,product,FortiClient EMS,forticlient_ems,high,CVE-2026-21643 SQLインジェクション
2026-03_fortinet_ems_cve_2026_21643,product_class,Fortinet FortiClient EMS（エンドポイント管理ツール）,security_tool,high,
2026-03_glassworm_supply_chain,actor_attribution,ロシア語話者の可能性が示唆される攻撃者（国家支援は未確認・金銭目的）,cybercrime,low,ロシア語ロケール回避あり。国家支援は断定困難で金銭目的と判断
2026-03_glassworm_supply_chain,attack_method,SSH鍵・暗号資産ウォレット等の認証情報窃取,credential_theft,high,
2026-03_glassworm_supply_chain,attack_method,C2への機密情報送信,data_exfiltration,high,
2026-03_glassworm_supply_chain,attack_method,GitHubアカウント乗っ取りによるコード改ざん,supply_chain_compromise,high,
2026-03_glassworm_supply_chain,crime_trend,暗号資産ウォレット・認証情報の窃取を目的,crypto_theft,medium,
2026-03_glassworm_supply_chain,initial_access,GitHubアカウント乗っ取りによる悪性コミット強制pushおよびnpmパッケージ改ざん,supply_chain,high,
2026-03_glassworm_supply_chain,malware,Glassworm,glassworm,high,サプライチェーン攻撃マルウェア
2026-03_glassworm_supply_chain,product,GitHub,github,high,GitHubアカウント乗っ取りで悪性コミットを強制push
2026-03_glassworm_supply_chain,product,npm,npm,high,npmパッケージの改ざん
2026-03_glassworm_supply_chain,product,Visual Studio Code,visual_studio_code,high,VSCode/OpenVSX拡張機能の改ざん
2026-03_glassworm_supply_chain,product_class,npm・VSCode/OpenVSX拡張・GitHubリポジトリ（パッケージエコシステム全般）,package_ecosystem,high,
2026-03_hackerone_navia_breach,attack_method,BOLA（オブジェクトレベル認可不備）による不正アクセス,authentication_bypass,high,
2026-03_hackerone_navia_breach,attack_method,287人の従業員PII情報の流出,data_exfiltration,high,
2026-03_hackerone_navia_breach,initial_access,NaviaプラットフォームのBOLA（Broken Object Level Authorization）脆弱性悪用,exploit_public_facing_app,high,
2026-03_hackerone_navia_breach,product,Navia,navia,high,BOLA脆弱性悪用によるHackerOne従業員データ漏洩
2026-03_handala_fbi_patel_gmail,actor,Handala,handala,high,"Aliases: Handala Hack Team, Hatef, Hamsa"
2026-03_handala_fbi_patel_gmail,actor_attribution,Handala（イラン情報省MOISとの関連が指摘されるハクティビスト集団）,hacktivist,high,
2026-03_handala_fbi_patel_gmail,attack_method,個人メールアカウントへの不正アクセス,credential_theft,medium,手法は未公表
2026-03_handala_fbi_patel_gmail,initial_access,侵入手法未公開（GmailアカウントへのアクセスはFBIも確認済みだが手法不明）,unknown,low,
2026-03_handala_fbi_patel_gmail,product,Gmail,gmail,high,FBI長官個人GmailへのアクセスにGmailが標的
2026-03_handala_modus_operandi_research,actor,Void Manticore,void_manticore,high,"Aliases: Handala, Red Sandstorm（イランMOIS関連）"
2026-03_handala_modus_operandi_research,actor_attribution,Void Manticore / Handala（イランMOIS関連ハクティビスト）,hacktivist,high,Check PointがVoid ManticoreのペルソナとしてHandalaを特定
2026-03_handala_modus_operandi_research,attack_method,NetBirdトンネリングによるバックドア,backdoor,high,
2026-03_handala_modus_operandi_research,attack_method,侵害済みVPN認証情報による初期アクセス後の機密窃取,credential_theft,high,
2026-03_handala_modus_operandi_research,attack_method,データ持ち出し後のワイパー実行,data_exfiltration,high,
2026-03_handala_modus_operandi_research,initial_access,侵害済みVPN認証情報を主な初期アクセス手段として使用,stolen_credentials,high,
2026-03_handala_modus_operandi_research,malware,Handala Wiper,handala_wiper,high,
2026-03_handala_modus_operandi_research,product_class,VPN製品（侵害済みVPN認証情報が主な入口）,remote_access,high,
2026-03_handala_telegram_malware,actor,Handala,handala,high,Aliases: Homeland Justice（FBIが同一グループとして警告）
2026-03_handala_telegram_malware,actor_attribution,Handala/Homeland Justice（イランMOIS関連ハクティビスト）,hacktivist,high,FBIがイランMOIS関連と特定
2026-03_handala_telegram_malware,attack_method,Windowsマルウェアによるバックドア設置,backdoor,high,
2026-03_handala_telegram_malware,attack_method,TelegramベースのC2通信,c2_communication,high,
2026-03_handala_telegram_malware,initial_access,Telegramベースのソーシャルエンジニアリングでマルウェア感染を誘導,phishing,high,
2026-03_handala_telegram_malware,product,Telegram,telegram,high,TelegramをC2基盤として使用
2026-03_handala_telegram_malware,product_class,Windows（Windowsマルウェアを使用）,os,high,
2026-03_hpe_aos_cx_cve_2026_23813,attack_method,未認証リモート管理者パスワードリセット,authentication_bypass,high,
2026-03_hpe_aos_cx_cve_2026_23813,initial_access,公開AOS-CXスイッチのWebベース管理インターフェースへの未認証アクセス,exploit_public_facing_app,high,
2026-03_hpe_aos_cx_cve_2026_23813,product,HP Aruba AOS-CX,hp_aruba_aos_cx,high,CVE-2026-23813
2026-03_hpe_aos_cx_cve_2026_23813,product_class,HPE Aruba AOS-CX（ネットワークスイッチ管理基盤）,security_tool,high,
2026-03_infinite_campus_shinyhunters,actor,ShinyHunters,shinyhunters,high,
2026-03_infinite_campus_shinyhunters,actor_attribution,ShinyHunters（恐喝・データ販売を行うサイバー犯罪グループ）,cybercrime,high,
2026-03_infinite_campus_shinyhunters,attack_method,従業員Salesforceアカウント侵害による内部アクセス,credential_theft,high,
2026-03_infinite_campus_shinyhunters,attack_method,学校職員情報等のデータ窃取,data_exfiltration,high,
2026-03_infinite_campus_shinyhunters,crime_trend,窃取データの公開脅迫による恐喝,data_extortion,high,
2026-03_infinite_campus_shinyhunters,initial_access,従業員1名のSalesforceアカウント侵害（窃取認証情報）,stolen_credentials,high,
2026-03_infinite_campus_shinyhunters,product,Infinite Campus,infinite_campus,high,米国1100万学生のSISが標的
2026-03_infinite_campus_shinyhunters,product,Salesforce,salesforce,high,従業員1名のSalesforceアカウントを侵害
2026-03_infinity_stealer_macos_clickfix,attack_method,Keychain・認証情報・暗号資産ウォレットの窃取,credential_theft,high,
2026-03_infinity_stealer_macos_clickfix,attack_method,HTTP POST経由のC2へのデータ送信,data_exfiltration,high,
2026-03_infinity_stealer_macos_clickfix,crime_trend,ClickFix偽CAPTCHAでTerminal経由のcurlコマンド実行を誘導,clickfix,high,
2026-03_infinity_stealer_macos_clickfix,initial_access,ClickFix偽CAPTCHAでTerminalへの悪性curlコマンド貼り付けを誘導,phishing,high,
2026-03_infinity_stealer_macos_clickfix,malware,Infinity Stealer,infinity_stealer,high,Nuitkaでネイティブ化されたPython製インフォスティーラー
2026-03_infinity_stealer_macos_clickfix,product_class,macOS（ClickFix経由の攻撃対象OS）,os,high,
2026-03_interlock_slopoly_ai_malware,actor,Hive0163,hive0163,high,IBM X-ForceがHive0163として追跡するInterlockランサムウェア運営グループ
2026-03_interlock_slopoly_ai_malware,actor_attribution,Hive0163（Interlockランサムウェア運営・金銭目的）,cybercrime,high,IBM X-ForceがHive0163として追跡
2026-03_interlock_slopoly_ai_malware,attack_method,PowerShell製C2クライアントによるバックドア,backdoor,high,
2026-03_interlock_slopoly_ai_malware,attack_method,大規模データ窃取後の恐喝,data_exfiltration,high,
2026-03_interlock_slopoly_ai_malware,attack_method,予定タスク（Runtime Broker）による永続化,persistence,high,
2026-03_interlock_slopoly_ai_malware,crime_trend,ClickFix経由での侵入,clickfix,high,
2026-03_interlock_slopoly_ai_malware,crime_trend,ランサムウェアのアフィリエイトモデル（RaaS）,ransomware_as_a_service,high,
2026-03_interlock_slopoly_ai_malware,initial_access,ClickFix偽操作指示によるPowerShell実行誘導,phishing,high,
2026-03_interlock_slopoly_ai_malware,malware,Slopoly,slopoly,high,AI/LLMで作成の可能性があるPowerShell製バックドア
2026-03_interlock_slopoly_ai_malware,product_class,Windows OS（Interlock感染標的）,os,high,
2026-03_ivanti_epm_cve_2026_1603_exploitation,attack_method,XSS経由の認証回避（CVE-2026-1603）,authentication_bypass,high,
2026-03_ivanti_epm_cve_2026_1603_exploitation,attack_method,認証回避後の認証情報窃取,credential_theft,high,
2026-03_ivanti_epm_cve_2026_1603_exploitation,initial_access,公開Ivanti EPMへのXSS経由認証回避（CVE-2026-1603）,exploit_public_facing_app,high,
2026-03_ivanti_epm_cve_2026_1603_exploitation,product,Ivanti Endpoint Manager,ivanti_endpoint_manager,high,CVE-2026-1603
2026-03_ivanti_epm_cve_2026_1603_exploitation,product_class,Ivanti Endpoint Manager（エンドポイント管理ツール）,security_tool,high,
2026-03_kadnap_botnet_asus_routers,actor_attribution,KadNapボットネット運営者（金銭目的・国籍不明）,cybercrime,high,
2026-03_kadnap_botnet_asus_routers,attack_method,ルーターへのバックドア設置,backdoor,high,
2026-03_kadnap_botnet_asus_routers,attack_method,C2通信によるボットネット制御,c2_communication,high,
2026-03_kadnap_botnet_asus_routers,crime_trend,DDoS攻撃代行サービスとして悪用,ddos_for_hire,high,
2026-03_kadnap_botnet_asus_routers,initial_access,ASUSルーター等のエッジ機器への悪性スクリプト経由の感染,exploit_public_facing_app,high,
2026-03_kadnap_botnet_asus_routers,malware,KadNap,kadnap,high,ASUSルーター等を感染させるボットネットマルウェア
2026-03_kadnap_botnet_asus_routers,product,ASUS Router,asus_router,high,KadNapボットネットの感染対象
2026-03_kadnap_botnet_asus_routers,product_class,ASUS/エッジ機器のOS（組み込みLinux）,os,high,
2026-03_kics_github_action_teampcp,actor,TeamPCP,teampcp,high,
2026-03_kics_github_action_teampcp,actor_attribution,TeamPCP（金銭目的のクラウドネイティブ脅威アクター）,cybercrime,high,
2026-03_kics_github_action_teampcp,attack_method,環境変数・クラウド認証情報の窃取,credential_theft,high,
2026-03_kics_github_action_teampcp,attack_method,GitHub Actionのタグ改ざんによるサプライチェーン攻撃,supply_chain_compromise,high,
2026-03_kics_github_action_teampcp,attack_method,SSH鍵・AWS/K8sトークンの窃取,token_theft,high,
2026-03_kics_github_action_teampcp,initial_access,KICS GitHub Actionのタグ改ざんによるサプライチェーン攻撃,supply_chain,high,
2026-03_kics_github_action_teampcp,product,GitHub Actions,github_actions,high,KICSのGitHub Actionを侵害
2026-03_kics_github_action_teampcp,product,KICS,kics,high,CheckmarxのIaCスキャナー
2026-03_kics_github_action_teampcp,product_class,KICS（CheckmarxのIaCセキュリティスキャナー）のGitHub Action,security_tool,high,
2026-03_kiss_loader_webdav_campaign,attack_method,C2通信によるリアルタイム遠隔操作,c2_communication,high,
2026-03_kiss_loader_webdav_campaign,attack_method,Early Bird APC injectionでexplorer.exeへ注入,process_injection,high,
2026-03_kiss_loader_webdav_campaign,malware,Kiss Loader,kiss_loader,high,TryCloudflare WebDAV経由で展開
2026-03_kiss_loader_webdav_campaign,malware,VenomRAT,venom_rat,high,最終ペイロード
2026-03_kiss_loader_webdav_campaign,product_class,Windows OS（VenomRAT注入の対象）,os,high,
2026-03_konni_kakaotalk_campaign,actor,Konni,konni,medium,北朝鮮関連と評価されるKonni脅威グループ
2026-03_konni_kakaotalk_campaign,actor_attribution,Konni脅威グループ（北朝鮮関連と技術的関連性から評価）,nation_state,medium,Geniansが技術的特性から北朝鮮関連と評価。国名の明示はない
2026-03_konni_kakaotalk_campaign,attack_method,RATによるC2通信・遠隔操作,c2_communication,high,
2026-03_konni_kakaotalk_campaign,attack_method,悪性LNKファイルによる感染,malicious_document,high,
2026-03_konni_kakaotalk_campaign,attack_method,永続化機構の設置,persistence,high,
2026-03_konni_kakaotalk_campaign,initial_access,北朝鮮人権テーマの任命通知を装う悪性LNK添付スピアフィッシング,phishing,high,
2026-03_konni_kakaotalk_campaign,malware,EndRat,endrat,high,
2026-03_konni_kakaotalk_campaign,malware,Remcos RAT,remcos_rat,high,
2026-03_konni_kakaotalk_campaign,malware,RftRat,rftrat,high,
2026-03_konni_kakaotalk_campaign,product,KakaoTalk,kakaotalk,medium,二次拡散の経路として悪用
2026-03_konni_kakaotalk_campaign,product_class,KakaoTalk PCクライアント（二次拡散の経路として悪用）,collaboration_platform,medium,KakaoTalkを経由した信頼連鎖拡散に使用
2026-03_langflow_cve_2026_33017,attack_method,コードインジェクションによるリモートコード実行,code_injection,high,
2026-03_langflow_cve_2026_33017,attack_method,公開後20時間以内の実悪用,remote_code_execution,high,
2026-03_langflow_cve_2026_33017,initial_access,公開LangflowインスタンスへのHTTPリクエスト経由のコードインジェクション,exploit_public_facing_app,high,
2026-03_langflow_cve_2026_33017,product,Langflow,langflow,high,CVE-2026-33017 コードインジェクション
2026-03_leakbase_forum_takedown,actor_attribution,LeakBaseフォーラム運営者（金銭目的のサイバー犯罪グループ）,cybercrime,high,
2026-03_leaknet_ransomware_clickfix,actor,LeakNet,leaknet,medium,2024年末から活動するランサムウェアグループ
2026-03_leaknet_ransomware_clickfix,actor_attribution,LeakNetランサムウェア運営集団（国籍不明・金銭目的）,cybercrime,medium,2024年末から活動する比較的新しいグループ。国籍は不明
2026-03_leaknet_ransomware_clickfix,attack_method,S3等への暗号化データ持ち出し,data_exfiltration,high,
2026-03_leaknet_ransomware_clickfix,attack_method,DLLサイドローディングによる検知回避,defense_evasion,high,
2026-03_leaknet_ransomware_clickfix,attack_method,メモリ実行による永続化,persistence,high,
2026-03_leaknet_ransomware_clickfix,attack_method,ランサムウェアによるデータ暗号化,ransomware,high,
2026-03_leaknet_ransomware_clickfix,crime_trend,ClickFix偽CAPTCHA経由での侵入,clickfix,high,
2026-03_leaknet_ransomware_clickfix,crime_trend,ランサムウェアによる恐喝,ransomware_extortion,high,
2026-03_leaknet_ransomware_clickfix,initial_access,ClickFix偽操作指示によるPowerShell/スクリプト実行誘導,phishing,high,ClickFix=ソーシャルエンジニアリングによる誘導
2026-03_leaknet_ransomware_clickfix,malware,LeakNet,leaknet_ransomware,medium,ランサムウェア本体
2026-03_leaknet_ransomware_clickfix,product_class,Windows OS（LeakNet感染標的）,os,high,
2026-03_loblaw_customer_data_breach,attack_method,ITネットワーク侵害による顧客データ窃取,data_exfiltration,medium,手法未公表
2026-03_loblaw_customer_data_breach,initial_access,ITネットワークへの侵入手法未公表,unknown,low,
2026-03_marquis_sonicwall_breach,actor,Marquis,marquis,medium,Marquisランサムウェアグループ
2026-03_marquis_sonicwall_breach,actor_attribution,Marquisランサムウェアグループ（国籍不明・金銭目的）,cybercrime,medium,攻撃者の詳細帰属は不明
2026-03_marquis_sonicwall_breach,attack_method,データ窃取による二重恐喝,data_exfiltration,high,
2026-03_marquis_sonicwall_breach,attack_method,ランサムウェアによるデータ暗号化・持ち出し,ransomware,high,
2026-03_marquis_sonicwall_breach,crime_trend,ランサムウェアによる恐喝,ransomware_extortion,high,
2026-03_marquis_sonicwall_breach,initial_access,SonicWallファイアウォール脆弱性悪用による初期侵入,exploit_public_facing_app,high,SonicWall事案を起点とした侵害と企業が説明
2026-03_marquis_sonicwall_breach,malware,Marquis,marquis_ransomware,medium,ランサムウェア本体
2026-03_marquis_sonicwall_breach,product,SonicWall,sonicwall,high,SonicWall脆弱性を侵入起点として悪用
2026-03_marquis_sonicwall_breach,product_class,SonicWallファイアウォール（セキュリティ機器）,security_tool,high,
2026-03_microsoft_patch_tuesday_mar2026,attack_method,SQL ServerのRCE/権限昇格脆弱性,privilege_escalation,high,
2026-03_microsoft_patch_tuesday_mar2026,attack_method,Office RCEによる悪性コード実行,remote_code_execution,high,
2026-03_microsoft_patch_tuesday_mar2026,initial_access,該当なし（パッチ情報のため直接の初期侵入手法は評価外）,not_applicable,high,
2026-03_microsoft_patch_tuesday_mar2026,product,Microsoft Office,microsoft_office,high,CVE-2026-26110/26113 RCE
2026-03_microsoft_patch_tuesday_mar2026,product,Microsoft SQL Server,microsoft_sql_server,high,CVE-2026-21262 権限昇格
2026-03_microsoft_patch_tuesday_mar2026,product,Microsoft Windows,microsoft_windows,high,
2026-03_microsoft_patch_tuesday_mar2026,product_class,Windows OS全般,os,high,
2026-03_multivector_malware_vbs_xworm,attack_method,C2通信によるペイロード切り替え,c2_communication,high,
2026-03_multivector_malware_vbs_xworm,attack_method,Cloudflare Tunnel・Internet Archive等を使った検知回避,defense_evasion,high,
2026-03_multivector_malware_vbs_xworm,attack_method,正規プロセスへのコードインジェクション,process_injection,high,
2026-03_multivector_malware_vbs_xworm,initial_access,VBSローダーの配布経路は記事から不明,unknown,low,
2026-03_multivector_malware_vbs_xworm,malware,PhantomVAI,phantom_vai,high,Internet Archiveにホストされた画像内のローダー
2026-03_multivector_malware_vbs_xworm,malware,Remcos RAT,remcos_rat,high,
2026-03_multivector_malware_vbs_xworm,malware,ScorpioRAT,scorpio_rat,high,
2026-03_multivector_malware_vbs_xworm,malware,XWorm,xworm,high,
2026-03_multivector_malware_vbs_xworm,product_class,Windows OS（XWorm/RemcosRATの感染先）,os,high,
2026-03_n8n_rce_cve_2025_68613,attack_method,ワークフロー評価機能への認証済みコードインジェクション,code_injection,high,
2026-03_n8n_rce_cve_2025_68613,attack_method,任意コード実行によるシステム制御,remote_code_execution,high,
2026-03_n8n_rce_cve_2025_68613,initial_access,公開n8nインスタンスへの認証済みRCE（CVE-2025-68613）,exploit_public_facing_app,high,認証が必要だが4万超の公開インスタンスが存在
2026-03_n8n_rce_cve_2025_68613,product,n8n,n8n,high,CVE-2025-68613
2026-03_navia_breach_2_7m,attack_method,BOLA（オブジェクトレベル認可不備）による不正アクセス,authentication_bypass,medium,
2026-03_navia_breach_2_7m,attack_method,270万人分のPII情報の窃取,data_exfiltration,high,
2026-03_navia_breach_2_7m,initial_access,BOLA（Broken Object Level Authorization）脆弱性悪用による不正アクセス,exploit_public_facing_app,medium,BOLAが侵害経路とみられるが詳細は非公表
2026-03_navia_breach_2_7m,product,Navia,navia,high,BOLA脆弱性による270万人への侵害
2026-03_ncbj_poland_nuclear_cyberattack,actor_attribution,帰属未確定（イランCIの示唆あり・偽旗可能性も）,unknown,low,Reutersはイラン関与示唆を報じたが捜査当局は慎重
2026-03_ncbj_poland_nuclear_cyberattack,initial_access,攻撃手法未公表・早期検知で阻止,unknown,low,
2026-03_npm_ghost_rat_campaign,attack_method,Telegram C2経由でのペイロード取得,c2_communication,high,
2026-03_npm_ghost_rat_campaign,attack_method,sudoパスワード・暗号資産ウォレットの窃取,credential_theft,high,
2026-03_npm_ghost_rat_campaign,attack_method,偽インストール進捗で隠す悪性npmパッケージ,malicious_package,high,
2026-03_npm_ghost_rat_campaign,crime_trend,暗号資産ウォレット窃取を目的,crypto_theft,high,
2026-03_npm_ghost_rat_campaign,initial_access,npm悪性パッケージ（偽インストールログでRATを配布）,supply_chain,high,
2026-03_npm_ghost_rat_campaign,malware,Ghost RAT,ghost_rat,high,npmパッケージ経由で配布されるRAT
2026-03_npm_ghost_rat_campaign,product,npm,npm,high,悪性パッケージの配布プラットフォーム
2026-03_npm_ghost_rat_campaign,product,Telegram,telegram,high,C2として悪用
2026-03_npm_ghost_rat_campaign,product_class,npmパッケージエコシステム,package_ecosystem,high,
2026-03_operation_synergia_iii,actor_attribution,フィッシング・詐欺・セクストーション等のサイバー犯罪者集団,cybercrime,high,
2026-03_oracle_idm_cve_2026_21992,attack_method,認証なしでの不正アクセス,authentication_bypass,high,
2026-03_oracle_idm_cve_2026_21992,attack_method,認証不要HTTP経由のRCE,remote_code_execution,high,
2026-03_oracle_idm_cve_2026_21992,initial_access,公開Oracle Identity ManagerへのHTTP経由認証不要RCE,exploit_public_facing_app,high,
2026-03_oracle_idm_cve_2026_21992,product,Oracle Identity Manager,oracle_identity_manager,high,CVE-2026-21992 CVSS 9.8
2026-03_oracle_idm_cve_2026_21992,product_class,Oracle Identity Manager（IAM/アイデンティティ管理基盤）,security_tool,high,
2026-03_perseus_android_malware,attack_method,C2通信によるコマンド受信,c2_communication,high,
2026-03_perseus_android_malware,attack_method,Accessibility Services悪用による画面キャプチャ・キーロギング,credential_theft,high,
2026-03_perseus_android_malware,attack_method,メモアプリスキャンによる秘密情報収集,data_exfiltration,high,
2026-03_perseus_android_malware,crime_trend,暗号資産サービスを標的にした窃取,crypto_theft,medium,
2026-03_perseus_android_malware,initial_access,非公式ストアでのIPTVアプリ偽装によるサイドロード誘導,phishing,high,ソーシャルエンジニアリングにより不正APKをインストールさせる
2026-03_perseus_android_malware,malware,Perseus,perseus,high,Android向けバンキングマルウェア
2026-03_perseus_android_malware,product_class,Android OS（Perseus感染対象・Android 13以降）,os,high,
2026-03_phantomraven_npm_attack,actor,PhantomRaven,phantom_raven,medium,npmを標的にした継続的な攻撃キャンペーン
2026-03_phantomraven_npm_attack,actor_attribution,PhantomRaven（金銭目的・国籍不明）,cybercrime,medium,
2026-03_phantomraven_npm_attack,attack_method,GitLab・Jenkins・CircleCIトークンの窃取,credential_theft,high,
2026-03_phantomraven_npm_attack,attack_method,slopsquatting（著名パッケージ名に似せた悪性パッケージ）,malicious_package,high,
2026-03_phantomraven_npm_attack,attack_method,サプライチェーン経由の開発者環境侵害,supply_chain_compromise,high,
2026-03_phantomraven_npm_attack,crime_trend,CI/CDトークン・認証情報の窃取・販売,infostealer_market,medium,
2026-03_phantomraven_npm_attack,initial_access,悪性npmパッケージ（slopsquatting・Remote Dynamic Dependencies）,supply_chain,high,
2026-03_phantomraven_npm_attack,product,GitHub Actions,github_actions,high,CI/CDトークンの窃取対象
2026-03_phantomraven_npm_attack,product,npm,npm,high,悪性パッケージの配布先
2026-03_phantomraven_npm_attack,product_class,npmパッケージエコシステム,package_ecosystem,high,
2026-03_polyshell_magento_advisory,attack_method,REST APIへのコードインジェクション,code_injection,high,
2026-03_polyshell_magento_advisory,attack_method,ポリグロットファイルアップロードによるRCE,remote_code_execution,high,
2026-03_polyshell_magento_advisory,initial_access,公開MagentoのREST APIへのポリグロットファイルアップロード悪用,exploit_public_facing_app,high,
2026-03_polyshell_magento_advisory,product,Adobe Commerce,adobe_commerce,high,
2026-03_polyshell_magento_advisory,product,Magento Open Source,magento_open_source,high,REST APIへのポリグロットファイルアップロード
2026-03_polyshell_magento_advisory,product_class,Magento Open Source/Adobe Commerce（ECコマースCMS）,cms,high,
2026-03_polyshell_magento_attacks,attack_method,WebRTC決済カードスキマーの配布,data_exfiltration,high,
2026-03_polyshell_magento_attacks,attack_method,PolyShell脆弱性悪用によるRCE,remote_code_execution,high,
2026-03_polyshell_magento_attacks,crime_trend,決済カードスキマーによるクレジットカード情報窃取,infostealer_market,high,
2026-03_polyshell_magento_attacks,initial_access,MagentoのREST APIへのポリグロットファイルアップロード悪用,exploit_public_facing_app,high,
2026-03_polyshell_magento_attacks,product,Adobe Commerce,adobe_commerce,high,
2026-03_polyshell_magento_attacks,product,Magento Open Source,magento_open_source,high,PolyShell脆弱性を悪用した大規模攻撃
2026-03_polyshell_magento_attacks,product_class,Magento/Adobe Commerce（ECコマースCMS）,cms,high,
2026-03_ptc_windchill_flexplm_rce,attack_method,信頼済みデータのデシリアライズによるRCE,remote_code_execution,high,
2026-03_ptc_windchill_flexplm_rce,initial_access,信頼済みデータのデシリアライズ経由RCE悪用,exploit_public_facing_app,high,
2026-03_ptc_windchill_flexplm_rce,product,PTC FlexPLM,ptc_flexplm,high,
2026-03_ptc_windchill_flexplm_rce,product,PTC Windchill,ptc_windchill,high,CVE-2026-4681 デシリアライズRCE
2026-03_russia_signal_phishing_campaign,actor_attribution,ロシア情報機関に関連する脅威アクター,nation_state,high,FBIがロシア情報機関に帰属
2026-03_russia_signal_phishing_campaign,attack_method,デバイスリンク機能を悪用したアカウント乗っ取り,session_hijacking,high,
2026-03_russia_signal_phishing_campaign,attack_method,偽QRコード・フィッシングによる認証情報窃取,social_engineering,high,
2026-03_russia_signal_phishing_campaign,crime_trend,暗号化メッセージングアプリのアカウント乗っ取り,account_takeover,high,
2026-03_russia_signal_phishing_campaign,initial_access,Signal/WhatsAppで認証コード共有・悪性QRコードを誘導するフィッシング,phishing,high,
2026-03_russia_signal_phishing_campaign,product,Signal,signal,high,フィッシングの標的
2026-03_russia_signal_phishing_campaign,product,WhatsApp,whatsapp,high,フィッシングの標的
2026-03_russia_signal_phishing_campaign,product_class,Signal/WhatsApp（暗号化メッセージングアプリ）,collaboration_platform,medium,攻撃対象のアプリ基盤として
2026-03_seo_poisoning_asyncrat_campaign,attack_method,RATによるC2通信,c2_communication,high,
2026-03_seo_poisoning_asyncrat_campaign,attack_method,ScreenConnectを利用したC2・永続化,persistence,high,
2026-03_seo_poisoning_asyncrat_campaign,attack_method,DLLサイドローディングによるAsyncRAT注入,process_injection,high,
2026-03_seo_poisoning_asyncrat_campaign,attack_method,SEOポイズニングによる偽ダウンロードページへの誘導,seo_spam_redirect,high,
2026-03_seo_poisoning_asyncrat_campaign,crime_trend,MaaSとして配布されるAsyncRAT,malware_as_a_service,medium,
2026-03_seo_poisoning_asyncrat_campaign,initial_access,SEOポイズニングで25超の偽ソフトウェアダウンロードページへ誘導,phishing,high,SEOポイズニング＋偽ダウンロードはphishingに分類
2026-03_seo_poisoning_asyncrat_campaign,malware,AsyncRAT,asyncrat,high,DLLサイドローディング経由で展開
2026-03_seo_poisoning_asyncrat_campaign,product,ConnectWise ScreenConnect,connectwise_screenconnect,high,Microsoft Update Serviceとして偽装設置
2026-03_seo_poisoning_asyncrat_campaign,product_class,Windows OS（DLLサイドローディング標的）,os,high,
2026-03_shinyhunters_salesforce_aura,actor,ShinyHunters,shinyhunters,high,
2026-03_shinyhunters_salesforce_aura,actor_attribution,ShinyHunters（データ窃取・恐喝型サイバー犯罪グループ）,cybercrime,high,
2026-03_shinyhunters_salesforce_aura,attack_method,Aura APIのゲストユーザー過剰権限悪用,authentication_bypass,high,
2026-03_shinyhunters_salesforce_aura,attack_method,GraphQL API制限回避による大規模データ収集,data_exfiltration,high,
2026-03_shinyhunters_salesforce_aura,crime_trend,窃取データの恐喝目的利用,data_extortion,medium,
2026-03_shinyhunters_salesforce_aura,initial_access,Salesforce Experience CloudのAura API設定不備（ゲストユーザー過剰権限）,exploit_public_facing_app,high,
2026-03_shinyhunters_salesforce_aura,product,Salesforce Experience Cloud,salesforce_experience_cloud,high,Aura API設定不備を悪用
2026-03_shinyhunters_salesforce_aura,product_class,Salesforce Experience Cloud（コラボ・CRM基盤）,collaboration_platform,high,
2026-03_shotbird_chrome_extension_supply_chain,actor_attribution,ロシア語話者と示唆される攻撃者（QuickLens事例と同一ファミリー）,cybercrime,low,ロシア語コメントが証拠だが確証なし
2026-03_shotbird_chrome_extension_supply_chain,initial_access,Chrome拡張機能の所有権移転による悪性化（サプライチェーン）,supply_chain,high,
2026-03_shotbird_chrome_extension_supply_chain,product_class,Chromeブラウザ（拡張機能経由の攻撃対象）,browser,high,
2026-03_silver_fox_tax_campaign,actor,Silver Fox,silver_fox,medium,中国拠点・APT寄りツールを使用
2026-03_silver_fox_tax_campaign,actor_attribution,Silver Fox（中国拠点・APT寄りツールを使用）,nation_state,medium,国家支援の可能性があるが断定困難
2026-03_silver_fox_tax_campaign,attack_method,RMMツール・RATによるC2通信,c2_communication,high,
2026-03_silver_fox_tax_campaign,attack_method,認証情報・機密情報の窃取,credential_theft,high,
2026-03_silver_fox_tax_campaign,attack_method,税務通知偽装PDF添付によるフィッシング,malicious_document,high,
2026-03_silver_fox_tax_campaign,initial_access,税務通知偽装メール添付PDFおよび偽税務サイトからのフィッシング,phishing,high,
2026-03_silver_fox_tax_campaign,malware,ValleyRAT,valleyrat,high,
2026-03_silver_fox_tax_campaign,product_class,Windows/macOS（ValleyRAT・RMMツール・Python stealerの標的OS）,os,high,
2026-03_smart_slider_3_cve_2026_3098,attack_method,購読者権限での任意ファイル読み取り,data_exfiltration,high,
2026-03_smart_slider_3_cve_2026_3098,initial_access,購読者権限での公開WordPressプラグイン悪用,exploit_public_facing_app,high,
2026-03_smart_slider_3_cve_2026_3098,product,Smart Slider 3,smart_slider_3,high,CVE-2026-3098 ファイル読み取り
2026-03_smart_slider_3_cve_2026_3098,product_class,Smart Slider 3（WordPressプラグイン）,wordpress_plugin,high,
2026-03_socksescort_avrecon_disruption,actor_attribution,SocksEscortボットネット運営者（金銭目的プロキシ販売業者）,cybercrime,high,
2026-03_socksescort_avrecon_disruption,attack_method,感染機器をバックドアとして販売,backdoor,high,
2026-03_socksescort_avrecon_disruption,attack_method,感染ルーターによるプロキシボットネット運営,c2_communication,high,
2026-03_socksescort_avrecon_disruption,crime_trend,暗号資産窃取等の犯罪に悪用,crypto_theft,medium,暗号資産窃取目的の犯罪者が利用
2026-03_socksescort_avrecon_disruption,crime_trend,感染機器をプロキシとして販売するCaaSモデル,ddos_for_hire,medium,プロキシ販売サービスとして
2026-03_socksescort_avrecon_disruption,initial_access,SOHOルーターへのLinuxマルウェアAVRecon感染,exploit_public_facing_app,high,
2026-03_socksescort_avrecon_disruption,malware,AVRecon,avrecon,high,Linux向けSOHOルーター感染マルウェア
2026-03_socksescort_avrecon_disruption,product_class,Linux OS（SOHOルーター組み込みLinux）,os,high,
2026-03_starbucks_employee_breach,actor_attribution,偽Partner Centralを使った認証情報窃取グループ（金銭目的・国籍不明）,cybercrime,medium,
2026-03_starbucks_employee_breach,attack_method,偽Partner Centralサイトへの誘導で認証情報窃取,credential_theft,high,
2026-03_starbucks_employee_breach,attack_method,正規ポータルへのなりすまし,spoofing,high,
2026-03_starbucks_employee_breach,crime_trend,従業員アカウントへの不正アクセス,account_takeover,high,
2026-03_starbucks_employee_breach,initial_access,偽Partner CentralフィッシングサイトへのメールまたはSMS誘導,phishing,high,
2026-03_starbucks_employee_breach,product,Starbucks Partner Central,starbucks_partner_central,high,フィッシングの標的
2026-03_starbucks_employee_breach,product_class,Starbucks Partner Central（従業員ポータル）,collaboration_platform,medium,
2026-03_storm2561_fake_vpn_seo_poisoning,actor,Storm-2561,storm_2561,high,Microsoftがトラッキングする金銭目的グループ
2026-03_storm2561_fake_vpn_seo_poisoning,actor_attribution,Storm-2561（金銭目的のサイバー犯罪グループ）,cybercrime,high,Microsoftがトラッキング
2026-03_storm2561_fake_vpn_seo_poisoning,attack_method,VPNクライアントへのなりすましによる認証情報窃取,credential_theft,high,
2026-03_storm2561_fake_vpn_seo_poisoning,attack_method,検知回避のための正規ツール悪用,defense_evasion,medium,
2026-03_storm2561_fake_vpn_seo_poisoning,attack_method,SEOポイズニングで偽VPNクライアントに誘導,seo_spam_redirect,high,
2026-03_storm2561_fake_vpn_seo_poisoning,crime_trend,窃取認証情報のMaaSとしての販売,infostealer_market,medium,
2026-03_storm2561_fake_vpn_seo_poisoning,initial_access,SEOポイズニングで偽VPNサイトへ誘導・偽クライアント実行させる,phishing,high,
2026-03_storm2561_fake_vpn_seo_poisoning,malware,Hyrax,hyrax,high,インフォスティーラー
2026-03_storm2561_fake_vpn_seo_poisoning,product,Ivanti Pulse Secure,ivanti_pulse_secure,high,偽装対象のVPN製品
2026-03_storm2561_fake_vpn_seo_poisoning,product_class,VPNクライアント（Pulse Secure等リモートアクセス製品の偽装）,remote_access,high,
2026-03_stryker_handala_wiper,actor,Handala,handala,high,"Aliases: Handala Hack Team, Hatef, Hamsa"
2026-03_stryker_handala_wiper,actor_attribution,Handala（Handala Hack Team）イランMOIS関連ハクティビスト集団,hacktivist,high,FBIがイランMOISとの関連を記録
2026-03_stryker_handala_wiper,attack_method,Intuneのリモートwipe機能で約8万台を消去,defense_evasion,high,マルウェア不使用のマルウェアレスワイパー
2026-03_stryker_handala_wiper,attack_method,新規Global Administrator作成による権限昇格,privilege_escalation,high,
2026-03_stryker_handala_wiper,initial_access,管理者アカウント侵害による不正なGlobal Administrator作成,stolen_credentials,high,
2026-03_stryker_handala_wiper,product,Microsoft Intune,microsoft_intune,high,Intuneのwipe機能を悪用
2026-03_stryker_handala_wiper,product_class,Microsoft Intune（エンドポイント管理ツール・ワイプ機能を悪用）,security_tool,high,
2026-03_teampcp_litellm_supply_chain,actor,TeamPCP,teampcp,medium,litellm PyPIパッケージの改ざんに帰属
2026-03_teampcp_litellm_supply_chain,actor_attribution,TeamPCP（帰属情報なし・国籍不明）,unknown,low,帰属証拠が不十分
2026-03_teampcp_litellm_supply_chain,attack_method,AdaptixC2・HavocのC2通信,c2_communication,high,
2026-03_teampcp_litellm_supply_chain,attack_method,PyPIパッケージ改ざんによるサプライチェーン攻撃,supply_chain_compromise,high,
2026-03_teampcp_litellm_supply_chain,attack_method,SSH鍵・Kubernetesトークン等15種超の窃取,token_theft,high,
2026-03_teampcp_litellm_supply_chain,initial_access,PyPI公式パッケージ（litellm）の改ざんによるサプライチェーン攻撃,supply_chain,high,
2026-03_teampcp_litellm_supply_chain,product,LiteLLM,litellm,high,litellm 1.82.7/1.82.8が改ざんされた
2026-03_teampcp_litellm_supply_chain,product,PyPI,pypi,high,改ざんパッケージの配布プラットフォーム
2026-03_teampcp_litellm_supply_chain,product_class,PyPIパッケージエコシステム,package_ecosystem,high,
2026-03_teams_phishing_a0backdoor,actor_attribution,Black Basta系の発展形と評価される犯罪グループ（金銭目的）,cybercrime,medium,BlueVoyantが中〜高確度でBlack Basta系TTPと評価
2026-03_teams_phishing_a0backdoor,attack_method,バックドアによる長期潜伏,backdoor,high,
2026-03_teams_phishing_a0backdoor,attack_method,DNS MXによる隠蔽C2通信,c2_communication,high,
2026-03_teams_phishing_a0backdoor,attack_method,DLLサイドローディングによるバックドア展開,process_injection,high,
2026-03_teams_phishing_a0backdoor,attack_method,TeamsでITサポートを偽装してQuick Assistへ誘導,social_engineering,high,
2026-03_teams_phishing_a0backdoor,crime_trend,音声/テキストによるIT偽装コールバック型侵入,vishing,medium,Teamsで偽サポート連絡
2026-03_teams_phishing_a0backdoor,initial_access,Microsoft TeamsでのITサポート偽装・Quick Assist経由のフィッシング,phishing,high,
2026-03_teams_phishing_a0backdoor,malware,A0Backdoor,a0backdoor,high,DLLサイドローディングで展開
2026-03_teams_phishing_a0backdoor,product,Microsoft Quick Assist,microsoft_quick_assist,high,リモートセッション確立に使用
2026-03_teams_phishing_a0backdoor,product,Microsoft Teams,microsoft_teams,high,ITサポート偽装フィッシングの経路
2026-03_teams_phishing_a0backdoor,product_class,Microsoft Teams（コラボレーション基盤）,collaboration_platform,high,
2026-03_telnyx_pypi_teampcp,actor,TeamPCP,teampcp,high,
2026-03_telnyx_pypi_teampcp,actor_attribution,TeamPCP（金銭目的のクラウドネイティブ脅威アクター）,cybercrime,high,
2026-03_telnyx_pypi_teampcp,attack_method,C2からのペイロード取得・実行,c2_communication,high,
2026-03_telnyx_pypi_teampcp,attack_method,WAVファイルに隠したマルウェアによる認証情報窃取,credential_theft,high,
2026-03_telnyx_pypi_teampcp,attack_method,悪性パッケージ経由の侵害,malicious_package,high,
2026-03_telnyx_pypi_teampcp,attack_method,PyPIパッケージ改ざんによるサプライチェーン攻撃,supply_chain_compromise,high,
2026-03_telnyx_pypi_teampcp,initial_access,Telnyx PyPIパッケージの改ざんによるサプライチェーン攻撃,supply_chain,high,
2026-03_telnyx_pypi_teampcp,product,Kubernetes,kubernetes,high,シークレットアクセス・Pod展開を試みる
2026-03_telnyx_pypi_teampcp,product,Telnyx,telnyx,high,PyPIパッケージtelnyx 4.87.1/4.87.2が改ざんされた
2026-03_telnyx_pypi_teampcp,product_class,PyPIパッケージエコシステム,package_ecosystem,high,
2026-03_telus_digital_shinyhunters_breach,actor,ShinyHunters,shinyhunters,high,
2026-03_telus_digital_shinyhunters_breach,actor_attribution,ShinyHunters（データ窃取・恐喝型サイバー犯罪グループ）,cybercrime,high,
2026-03_telus_digital_shinyhunters_breach,attack_method,BigQuery等からの大規模データ持ち出し（1PB主張）,data_exfiltration,high,
2026-03_telus_digital_shinyhunters_breach,attack_method,GCP認証情報の窃取・悪用,token_theft,high,
2026-03_telus_digital_shinyhunters_breach,crime_trend,窃取データを使った恐喝,data_extortion,high,
2026-03_telus_digital_shinyhunters_breach,initial_access,Salesloft Drift侵害で取得したGCP認証情報の悪用,stolen_credentials,high,
2026-03_telus_digital_shinyhunters_breach,product,Google Cloud Platform,google_cloud_platform,high,窃取GCP認証情報を使いBigQueryへアクセス
2026-03_telus_digital_shinyhunters_breach,product,Salesloft,salesloft,high,Salesloft Drift侵害でGCP認証情報を取得
2026-03_telus_digital_shinyhunters_breach,product_class,Google Cloud Platform/BigQuery（クラウドデータ基盤）,collaboration_platform,medium,GCP/Salesforceなど複数のクラウドサービスが対象
2026-03_termite_clickfix_castlerat,actor,Velvet Tempest,velvet_tempest,high,Aliases: DEV-0504
2026-03_termite_clickfix_castlerat,actor_attribution,Velvet Tempest（DEV-0504）金銭目的ランサムウェアアフィリエイト,cybercrime,high,
2026-03_termite_clickfix_castlerat,attack_method,バックドアによる長期アクセス維持,backdoor,high,
2026-03_termite_clickfix_castlerat,attack_method,C2通信によるRATの制御,c2_communication,high,
2026-03_termite_clickfix_castlerat,attack_method,Chrome保存認証情報の窃取,credential_theft,high,
2026-03_termite_clickfix_castlerat,attack_method,PowerShell・PythonによるRATの永続化,persistence,high,
2026-03_termite_clickfix_castlerat,attack_method,ClickFix偽CAPTCHAで「ファイル名を指定して実行」への貼り付けを誘導,social_engineering,high,
2026-03_termite_clickfix_castlerat,crime_trend,ClickFix偽CAPTCHAでコマンド実行を誘導する手口,clickfix,high,
2026-03_termite_clickfix_castlerat,initial_access,悪性広告経由のClickFix偽CAPTCHAで「ファイル名を指定して実行」に貼り付け実行,phishing,high,
2026-03_termite_clickfix_castlerat,malware,CastleRAT,castlerat,high,
2026-03_termite_clickfix_castlerat,malware,DonutLoader,donut_loader,high,
2026-03_termite_clickfix_castlerat,product,Google Chrome,google_chrome,high,Chrome保存認証情報の窃取対象
2026-03_termite_clickfix_castlerat,product_class,Windows OS（AD偵察・認証情報窃取の対象環境）,os,high,
2026-03_tiktok_business_aitm_phishing,attack_method,AiTMリバースプロキシで2FA有効でもアカウント乗っ取り,authentication_bypass,high,
2026-03_tiktok_business_aitm_phishing,attack_method,認証情報の窃取,credential_theft,high,
2026-03_tiktok_business_aitm_phishing,attack_method,セッションクッキー窃取によるアカウント乗っ取り,session_hijacking,high,
2026-03_tiktok_business_aitm_phishing,crime_trend,ビジネスアカウントの乗っ取り,account_takeover,high,
2026-03_tiktok_business_aitm_phishing,crime_trend,AiTMフィッシングキット（PhaaS）の利用,phishing_kit_ecosystem,high,
2026-03_tiktok_business_aitm_phishing,initial_access,Cloudflare Turnstile＋AiTMリバースプロキシ型偽ログインページへの誘導,phishing,high,
2026-03_tiktok_business_aitm_phishing,product,TikTok for Business,tiktok_for_business,high,AiTMフィッシングの標的
2026-03_tiktok_business_aitm_phishing,product_class,TikTok for Business（ビジネス向け広告プラットフォーム）,collaboration_platform,medium,
2026-03_torg_grabber_infostealer,actor_attribution,C2を毎週新規登録する金銭目的の攻撃者グループ,cybercrime,medium,
2026-03_torg_grabber_infostealer,attack_method,ブラウザ拡張・パスワードマネージャー・Discordからのデータ窃取,credential_theft,high,
2026-03_torg_grabber_infostealer,attack_method,Cloudflare経由HTTPSでC2へデータ送信,data_exfiltration,high,
2026-03_torg_grabber_infostealer,attack_method,ClickFix経由でPowerShellを実行させてマルウェア感染,social_engineering,high,
2026-03_torg_grabber_infostealer,crime_trend,ClickFix偽CAPTCHAでコマンド実行を誘導する手口,clickfix,high,
2026-03_torg_grabber_infostealer,crime_trend,728種の暗号資産ウォレットを標的,crypto_theft,high,
2026-03_torg_grabber_infostealer,crime_trend,MaaSとして頒布されるインフォスティーラー,malware_as_a_service,high,
2026-03_torg_grabber_infostealer,initial_access,ClickFixでPowerShellを実行させてマルウェア感染,phishing,high,ClickFix＝社会工学的誘導
2026-03_torg_grabber_infostealer,malware,Torg Grabber,torg_grabber,high,
2026-03_torg_grabber_infostealer,product,Google Chrome,google_chrome,high,850拡張機能が標的（うち728が暗号資産ウォレット）
2026-03_torg_grabber_infostealer,product,Mozilla Firefox,mozilla_firefox,high,
2026-03_torg_grabber_infostealer,product_class,Chrome/Firefox等のウェブブラウザ（850拡張機能が標的）,browser,high,
2026-03_tplink_archer_nx_auth_bypass,attack_method,認証回避でファームウェア更新・設定操作が可能（CVE-2025-15517）,authentication_bypass,high,
2026-03_tplink_archer_nx_auth_bypass,attack_method,コマンドインジェクション（CVE-2025-15518/15519）,command_injection,high,
2026-03_tplink_archer_nx_auth_bypass,initial_access,公開TP-Link Archer NXルーターへの未認証アクセス,exploit_public_facing_app,high,
2026-03_tplink_archer_nx_auth_bypass,product,TP-Link Archer NX,tp_link_archer_nx,high,NX200/NX210/NX500/NX600 CVE-2025-15517等
2026-03_tplink_archer_nx_auth_bypass,product_class,TP-Link Archer NX（ホームルーター）,network_device,high,
2026-03_trivy_supply_chain_teampcp,actor,TeamPCP,teampcp,high,
2026-03_trivy_supply_chain_teampcp,actor_attribution,TeamPCP（金銭目的のクラウドネイティブ脅威アクター）,cybercrime,high,
2026-03_trivy_supply_chain_teampcp,attack_method,窃取シークレットのC2（タイポスクワット）への送信,data_exfiltration,high,
2026-03_trivy_supply_chain_teampcp,attack_method,Trivyビルド基盤侵害によるGitHub Action/Docker改ざん,supply_chain_compromise,high,
2026-03_trivy_supply_chain_teampcp,attack_method,SSH鍵・クラウド認証情報など多数のシークレット収集,token_theft,high,
2026-03_trivy_supply_chain_teampcp,initial_access,Trivyビルド基盤への侵入で悪性GitHub Action/Dockerイメージを配布,supply_chain,high,
2026-03_trivy_supply_chain_teampcp,product,Docker,docker,high,複数のDockerイメージも悪性コミットへ置き換え
2026-03_trivy_supply_chain_teampcp,product,GitHub Actions,github_actions,high,trivy-actionの76タグ中75個が置き換えられた
2026-03_trivy_supply_chain_teampcp,product,Trivy,trivy,high,Aqua SecurityのTrivyビルド基盤が侵害
2026-03_trivy_supply_chain_teampcp,product_class,Trivy（セキュリティ脆弱性スキャナー）,security_tool,high,
2026-03_tycoon2fa_phishing_revival,actor,Tycoon2FA,tycoon2fa,high,PhaaS基盤の運営グループ
2026-03_tycoon2fa_phishing_revival,actor_attribution,Tycoon2FA PhaaS運営者（金銭目的）,cybercrime,high,
2026-03_tycoon2fa_phishing_revival,attack_method,AiTMで2FAを回避したMicrosoft 365/Gmail認証情報窃取,authentication_bypass,high,
2026-03_tycoon2fa_phishing_revival,attack_method,AiTMリバースプロキシによるMFA回避,credential_theft,high,
2026-03_tycoon2fa_phishing_revival,attack_method,セッションクッキー窃取によるアカウント乗っ取り,session_hijacking,high,
2026-03_tycoon2fa_phishing_revival,crime_trend,PhaaS（Phishing as a Service）モデルでの月3000万通配布,phishing_kit_ecosystem,high,
2026-03_tycoon2fa_phishing_revival,initial_access,Microsoft 365・GmailへのAiTMフィッシングキャンペーン,phishing,high,
2026-03_tycoon2fa_phishing_revival,product,Gmail,gmail,high,AiTMフィッシングの標的
2026-03_tycoon2fa_phishing_revival,product,Microsoft 365,microsoft_365,high,AiTMフィッシングの標的
2026-03_tycoon2fa_phishing_revival,product_class,Microsoft 365/Gmail（AiTMフィッシングの標的）,collaboration_platform,high,
2026-03_veeam_backup_rce_flaws,attack_method,低権限からの権限昇格,privilege_escalation,high,
2026-03_veeam_backup_rce_flaws,attack_method,低権限ドメインユーザーによるRCE,remote_code_execution,high,
2026-03_veeam_backup_rce_flaws,initial_access,該当なし（脆弱性情報のため直接の初期侵入手法は評価外）,not_applicable,high,低権限ドメインユーザーからのRCEであり初期侵入後の行動
2026-03_veeam_backup_rce_flaws,product,Veeam Backup & Replication,veeam_backup_replication,high,CVE-2026-21666等の複数の重大脆弱性
2026-03_veeam_backup_rce_flaws,product_class,Veeam Backup & Replication（バックアップ基盤）,security_tool,high,
2026-03_vibe_coded_malware_campaign,attack_method,環境に応じたペイロード投入（マイナー・スティーラー・RAT）,c2_communication,high,
2026-03_vibe_coded_malware_campaign,attack_method,PowerShellメモリ実行による検知回避,defense_evasion,high,
2026-03_vibe_coded_malware_campaign,attack_method,正規EXE＋悪性DLLによるDLLサイドローディング,process_injection,high,
2026-03_vibe_coded_malware_campaign,initial_access,偽ソフトウェアダウンロードサイト・SEOポイズニングで悪性ZIPへ誘導,phishing,high,Discord・SourceForge・GitHubを配布に悪用
2026-03_vibe_coded_malware_campaign,malware,MeshAgent,mesh_agent,high,RMMツールとして悪用
2026-03_vibe_coded_malware_campaign,malware,SalatStealer,salat_stealer,high,インフォスティーラー
2026-03_vibe_coded_malware_campaign,malware,XMRIG,xmrig,high,暗号資産マイナー
2026-03_vibe_coded_malware_campaign,product_class,Windows OS（マイナー・スティーラー・RAT感染対象）,os,high,
2026-03_vip_keylogger_maas_campaign,actor_attribution,MaaS型VIP_Keylogger提供者（金銭目的・国籍不明）,cybercrime,medium,
2026-03_vip_keylogger_maas_campaign,attack_method,ブラウザ・メール・Discordからの認証情報窃取,credential_theft,high,
2026-03_vip_keylogger_maas_campaign,attack_method,SMTP経由でのデータ持ち出し,data_exfiltration,high,
2026-03_vip_keylogger_maas_campaign,attack_method,AMSI・ETWパッチによる検知回避,defense_evasion,high,
2026-03_vip_keylogger_maas_campaign,attack_method,プロセスホロウイングによるペイロード実行,process_injection,high,
2026-03_vip_keylogger_maas_campaign,crime_trend,MaaSとして提供されるキーロガー,malware_as_a_service,high,
2026-03_vip_keylogger_maas_campaign,initial_access,スピアフィッシングRAR添付による実行ファイル配布,malspam,high,購買依頼系メールを偽装したスピアフィッシング
2026-03_vip_keylogger_maas_campaign,malware,VIP_Keylogger,vip_keylogger,high,MaaS型キーロガー
2026-03_vip_keylogger_maas_campaign,product_class,Windows OS（ブラウザ・メールクライアント認証情報窃取対象）,os,high,
2026-03_voidstealer_chrome_abe_bypass,actor_attribution,MaaSとして販売される金銭目的の犯罪者,cybercrime,medium,MaaSとして販売されていることから
2026-03_voidstealer_chrome_abe_bypass,attack_method,ReadProcessMemoryでv20_master_keyを平文窃取,credential_theft,high,
2026-03_voidstealer_chrome_abe_bypass,attack_method,ハードウェアブレークポイントによるABE回避,defense_evasion,high,
2026-03_voidstealer_chrome_abe_bypass,crime_trend,インフォスティーラー市場向けのマスターキー窃取,infostealer_market,medium,
2026-03_voidstealer_chrome_abe_bypass,crime_trend,MaaSとして頒布されるインフォスティーラー,malware_as_a_service,high,
2026-03_voidstealer_chrome_abe_bypass,malware,VoidStealer,voidstealer,high,Chrome Application-Bound Encryption回避機能付きインフォスティーラー
2026-03_voidstealer_chrome_abe_bypass,product,Google Chrome,google_chrome,high,ABE保護がバイパス対象
2026-03_voidstealer_chrome_abe_bypass,product,Microsoft Edge,microsoft_edge,high,Chromium系ブラウザとして同じ手法で攻撃可能
2026-03_voidstealer_chrome_abe_bypass,product_class,Chrome/Edge ブラウザ（ABE保護が標的）,browser,high,
2026-03_wing_ftp_cve_2025_47813,attack_method,インストールパス開示による情報漏えい,data_exfiltration,medium,
2026-03_wing_ftp_cve_2025_47813,attack_method,情報漏えい＋RCEへの連鎖悪用（CVE-2025-47813/47812）,remote_code_execution,high,
2026-03_wing_ftp_cve_2025_47813,initial_access,公開Wing FTP ServerへのCVE-2025-47813悪用（RCEへの連鎖あり）,exploit_public_facing_app,high,
2026-03_wing_ftp_cve_2025_47813,product,Wing FTP Server,wing_ftp_server,high,CVE-2025-47813
2026-03_wing_ftp_cve_2025_47813,product_class,Wing FTP Server（FTPサーバー・リモートアクセス基盤）,remote_access,high,
2026-03_xinbi_marketplace_sanctions,actor,Xinbi,xinbi,high,Xinbi / Legend Innovation Co（制裁対象の犯罪グループ）
2026-03_xinbi_marketplace_sanctions,actor_attribution,Xinbi/Legend Innovation Co（詐欺・マネーロンダリング関与の犯罪グループ）,cybercrime,high,
2026-03_xinbi_marketplace_sanctions,crime_trend,暗号資産洗浄（北朝鮮関連の資金洗浄も含む）,crypto_theft,high,199億ドル超を処理
2026-03_xinbi_marketplace_sanctions,product,Telegram,telegram,high,XinbiはTelegramで運営
2026-03_yanluowang_broker_sentenced,actor,Aleksey Volkov,aleksey_volkov,high,ロシア国籍の初期アクセスブローカー
2026-03_yanluowang_broker_sentenced,actor_attribution,Aleksey Olegovich Volkov（ロシア国籍の初期アクセスブローカー）,cybercrime,high,
2026-03_yanluowang_broker_sentenced,crime_trend,RaaSアフィリエイト向けの初期アクセス販売,ransomware_as_a_service,high,
2026-03_yanluowang_broker_sentenced,crime_trend,ランサムウェアによる恐喝,ransomware_extortion,high,
2026-03_yanluowang_broker_sentenced,malware,Yanluowang,yanluowang,high,Yanluowangランサムウェア（ブローカーが支援したRaaS）
2026-03_zimbra_cve_2025_66376_apt28,actor,APT28,apt28,high,"Aliases: Fancy Bear, Strontium"
2026-03_zimbra_cve_2025_66376_apt28,actor_attribution,APT28（Fancy Bear / Strontium）ロシア軍GRU関連,nation_state,high,英国NCSCがGRU第26165部隊との関連を評価
2026-03_zimbra_cve_2025_66376_apt28,attack_method,XSS経由の認証回避,authentication_bypass,high,
2026-03_zimbra_cve_2025_66376_apt28,attack_method,XSSによるセッショントークン・2FAコードの窃取,credential_theft,high,
2026-03_zimbra_cve_2025_66376_apt28,attack_method,90日分のメールデータの持ち出し,data_exfiltration,high,
2026-03_zimbra_cve_2025_66376_apt28,attack_method,セッショントークンを使ったセッション乗っ取り,session_hijacking,high,
2026-03_zimbra_cve_2025_66376_apt28,initial_access,公開ZimbraへのHTMLメール内CSS @importを使った認証不要格納型XSS,exploit_public_facing_app,high,
2026-03_zimbra_cve_2025_66376_apt28,product,Zimbra Collaboration Suite,zimbra_collaboration_suite,high,CVE-2025-66376 格納型XSS
2026-03_zimbra_cve_2025_66376_apt28,product_class,Zimbra Collaboration Suite（メール・コラボレーション基盤）,collaboration_platform,high,
2026-03_zombie_zip_cve_2026_0866,actor_attribution,セキュリティ研究者Chris AzizによるPoC公開,security_researcher,high,
2026-03_zombie_zip_cve_2026_0866,attack_method,ZIPのCRC32操作によるAV検知回避,defense_evasion,high,
2026-03_zombie_zip_cve_2026_0866,initial_access,該当なし（ZIPアーカイブ検査回避技法のため直接の初期侵入手法は評価外）,not_applicable,high,マルウェア配信の検知回避手法であり初期侵入手法ではない
2026-03_zombie_zip_cve_2026_0866,product_class,ZIPアーカイブ処理を行うソフトウェア全般,os,medium,
